legacyRegister,legacyNotation,legacyLabel,legacyURI,legacyDescription,disposition,proposedNotation,proposedLabel,mappingRelation,reviewStatus,targetVocabulary,rationale
Atmosphere,60,(Ultra)sonic anemometer,http://codes.wmo.int/wmdr/ObservingMethodAtmosphere/60,,merge,acousticTransitTimeVelocimetry,Acoustic transit-time velocimetry,close,discussion needed,ObservingMethod,Sonic/ultrasonic anemometers infer fluid velocity from acoustic travel times; same physical principle is used in water.
Atmosphere,79,Brewer-GDR,http://codes.wmo.int/wmdr/ObservingMethodAtmosphere/79,,merge,potassiumIodideElectrochemicalOzoneMeasurement,Potassium-iodide electrochemical ozone measurement,close,discussion needed,ObservingMethod,Legacy ozonesonde type uses the ozone–potassium-iodide electrochemical reaction; hardware variant belongs in instrument metadata.
Atmosphere,80,Brewer-Mast Sonde,http://codes.wmo.int/wmdr/ObservingMethodAtmosphere/80,,merge,potassiumIodideElectrochemicalOzoneMeasurement,Potassium-iodide electrochemical ozone measurement,close,discussion needed,ObservingMethod,Legacy ozonesonde type uses the ozone–potassium-iodide electrochemical reaction; hardware variant belongs in instrument metadata.
Atmosphere,84,Carbon-Iodine Sonde (KC Sonde),http://codes.wmo.int/wmdr/ObservingMethodAtmosphere/84,,merge,potassiumIodideElectrochemicalOzoneMeasurement,Potassium-iodide electrochemical ozone measurement,close,discussion needed,ObservingMethod,Legacy ozonesonde type uses the ozone–potassium-iodide electrochemical reaction; hardware variant belongs in instrument metadata.
Atmosphere,94,Conductometry,http://codes.wmo.int/wmdr/ObservingMethodAtmosphere/94,,merge,electricalConductivityMeasurement,Electrical conductivity measurement,exact,non-controversial,ObservingMethod,Conductometry is the same electrical-conductivity measurement principle as atmosphere 110 and ocean 404.
Atmosphere,95,Cup anemometer,http://codes.wmo.int/wmdr/ObservingMethodAtmosphere/95,,merge,rotatingCupVelocityMeasurement,Rotating-cup velocity measurement,close,discussion needed,ObservingMethod,Cup count/geometry is an instrument characteristic; the physical velocity-measurement principle is shared.
Atmosphere,96,Cup anemometer (3 or 4 cups),http://codes.wmo.int/wmdr/ObservingMethodAtmosphere/96,,merge,rotatingCupVelocityMeasurement,Rotating-cup velocity measurement,close,discussion needed,ObservingMethod,Cup count/geometry is an instrument characteristic; the physical velocity-measurement principle is shared.
Atmosphere,106,Dobson,http://codes.wmo.int/wmdr/ObservingMethodAtmosphere/106,,merge,differentialUltravioletAbsorptionSpectrophotometry,Differential ultraviolet absorption spectrophotometry,close,discussion needed,ObservingMethod,"Legacy entry names a branded or model-specific instrument; instrument identity belongs in instrument metadata, not ObservingMethod."
Atmosphere,110,Electric conductivity (EC meter),http://codes.wmo.int/wmdr/ObservingMethodAtmosphere/110,,merge,electricalConductivityMeasurement,Electrical conductivity measurement,exact,non-controversial,ObservingMethod,Same method as conductometry/electrical conductivity entries in the atmosphere and ocean lists.
Atmosphere,111,Electronic pressure transducer (silicon diaphragm),http://codes.wmo.int/wmdr/ObservingMethodAtmosphere/111,,merge,piezoresistivePressureMeasurement,Piezoresistive pressure measurement,close,discussion needed,ObservingMethod,Legacy entry names an instrument or instrument type; proposed mapping expresses the measurement principle instead.
Atmosphere,135,Indian Sonde,http://codes.wmo.int/wmdr/ObservingMethodAtmosphere/135,,merge,potassiumIodideElectrochemicalOzoneMeasurement,Potassium-iodide electrochemical ozone measurement,close,discussion needed,ObservingMethod,Legacy ozonesonde type uses the ozone–potassium-iodide electrochemical reaction; hardware variant belongs in instrument metadata.
Atmosphere,144,Liquid-in-glass thermometer (mercury-free),http://codes.wmo.int/wmdr/ObservingMethodAtmosphere/144,,merge,liquidColumnThermometry,Liquid-column thermometry,exact,non-controversial,ObservingMethod,Same principle as the ocean fluid-column thermometry entry; mercury is represented separately.
Atmosphere,149,Mercury-in-glass thermometer,http://codes.wmo.int/wmdr/ObservingMethodAtmosphere/149,,merge,mercuryColumnThermometry,Mercury-column thermometry,exact,non-controversial,ObservingMethod,Same principle as the ocean mercury-based thermometry entry.
Atmosphere,151,Microtops,http://codes.wmo.int/wmdr/ObservingMethodAtmosphere/151,,merge,sunPhotometry,Sun photometry,close,discussion needed,ObservingMethod,"Legacy entry names a branded or model-specific instrument; instrument identity belongs in instrument metadata, not ObservingMethod."
Atmosphere,152,Microtops,http://codes.wmo.int/wmdr/ObservingMethodAtmosphere/152,,merge,sunPhotometry,Sun photometry,close,discussion needed,ObservingMethod,"Legacy entry names a branded or model-specific instrument; instrument identity belongs in instrument metadata, not ObservingMethod."
Atmosphere,153,Microtops,http://codes.wmo.int/wmdr/ObservingMethodAtmosphere/153,,merge,sunPhotometry,Sun photometry,close,discussion needed,ObservingMethod,"Legacy entry names a branded or model-specific instrument; instrument identity belongs in instrument metadata, not ObservingMethod."
Atmosphere,154,Microwave profiler,http://codes.wmo.int/wmdr/ObservingMethodAtmosphere/154,,merge,microwaveRadiometry,Microwave radiometry,close,discussion needed,ObservingMethod,Duplicate/near-duplicate instrument and method entries use the same microwave-radiometric principle.
Atmosphere,155,Microwave radiometry,http://codes.wmo.int/wmdr/ObservingMethodAtmosphere/155,,merge,microwaveRadiometry,Microwave radiometry,exact,non-controversial,ObservingMethod,Duplicate/near-duplicate instrument and method entries use the same microwave-radiometric principle.
Atmosphere,156,Microwave radiometry,http://codes.wmo.int/wmdr/ObservingMethodAtmosphere/156,,merge,microwaveRadiometry,Microwave radiometry,exact,non-controversial,ObservingMethod,Duplicate/near-duplicate instrument and method entries use the same microwave-radiometric principle.
Atmosphere,172,Potentiometry (ion-selective electrode),http://codes.wmo.int/wmdr/ObservingMethodAtmosphere/172,,merge,potentiometry,Potentiometry,close,discussion needed,ObservingMethod,Electrode/pH-meter implementation is instrument/analyte detail; consolidate under the electrochemical method.
Atmosphere,173,Potentiometry (pH meter),http://codes.wmo.int/wmdr/ObservingMethodAtmosphere/173,,merge,potentiometry,Potentiometry,close,discussion needed,ObservingMethod,Electrode/pH-meter implementation is instrument/analyte detail; consolidate under the electrochemical method.
Atmosphere,177,Propeller anemometer,http://codes.wmo.int/wmdr/ObservingMethodAtmosphere/177,,merge,propellerVelocityMeasurement,Propeller velocity measurement,close,discussion needed,ObservingMethod,Instrument name converted to a domain-neutral velocity-measurement principle also applicable to water.
Atmosphere,181,Radio acoustic sounding system (RASS),http://codes.wmo.int/wmdr/ObservingMethodAtmosphere/181,,merge,radioAcousticSounding,Radio-acoustic sounding,exact,non-controversial,ObservingMethod,Exact duplicate concept in the legacy registers.
Atmosphere,182,Radio acoustic sounding system (RASS),http://codes.wmo.int/wmdr/ObservingMethodAtmosphere/182,,merge,radioAcousticSounding,Radio-acoustic sounding,exact,non-controversial,ObservingMethod,Exact duplicate concept in the legacy registers.
Atmosphere,189,SAOZ (UV-vis diode array spectrometer),http://codes.wmo.int/wmdr/ObservingMethodAtmosphere/189,,merge,differentialOpticalAbsorptionSpectroscopy,Differential optical absorption spectroscopy,close,discussion needed,ObservingMethod,"Legacy entry names a branded or model-specific instrument; instrument identity belongs in instrument metadata, not ObservingMethod."
Atmosphere,211,Volumetric measurement,http://codes.wmo.int/wmdr/ObservingMethodAtmosphere/211,,merge,volumetricMeasurement,Volumetric measurement,exact,discussion needed,ObservingMethod,Potentially same principle as terrestrial 'Volumetric method'; confirm scope before final merge.
Atmosphere,217,Aerodyne mass spectrometer (AMS),http://codes.wmo.int/wmdr/ObservingMethodAtmosphere/217,,merge,aerosolMassSpectrometry,Aerosol mass spectrometry,close,discussion needed,ObservingMethod,"Legacy entry names a branded or model-specific instrument; instrument identity belongs in instrument metadata, not ObservingMethod."
Atmosphere,222,Monitor for AeRosols and GAses (MARGA),http://codes.wmo.int/wmdr/ObservingMethodAtmosphere/222,,merge,ionChromatography,Ion chromatography,close,discussion needed,ObservingMethod,"Legacy entry names a branded or model-specific instrument; instrument identity belongs in instrument metadata, not ObservingMethod. MARGA uses automated wet sampling followed by ion-chromatographic analysis; sampling should be represented separately."
Atmosphere,224,Particle soot absorption photometry (PSAP),http://codes.wmo.int/wmdr/ObservingMethodAtmosphere/224,,merge,lightAttenuationPhotometry,Light-attenuation photometry,close,discussion needed,ObservingMethod,Legacy entry names an instrument or instrument type; proposed mapping expresses the measurement principle instead.
Atmosphere,244,Sun-tracking photometry,http://codes.wmo.int/wmdr/ObservingMethodAtmosphere/244,,merge,sunPhotometry,Sun photometry,exact,discussion needed,ObservingMethod,Potential parent concept for Microtops and filter sun-photometry variants; confirm desired hierarchy.
Atmosphere,265,"Pyrgeometer (global, infrared)",http://codes.wmo.int/wmdr/ObservingMethodAtmosphere/265,,merge,infraredRadiometry,Infrared radiometry,close,discussion needed,ObservingMethod,Legacy entry names an instrument or instrument type; proposed mapping expresses the measurement principle instead.
Atmosphere,292,Monitor for AeRosols and GAses (MARGA) Metrohm,http://codes.wmo.int/wmdr/ObservingMethodAtmosphere/292,,merge,ionChromatography,Ion chromatography,close,discussion needed,ObservingMethod,"Legacy entry names a branded or model-specific instrument; instrument identity belongs in instrument metadata, not ObservingMethod. MARGA uses automated wet sampling followed by ion-chromatographic analysis; sampling should be represented separately."
Atmosphere,321,Differential optical absorption (DOAS),http://codes.wmo.int/wmdr/ObservingMethodAtmosphere/321,,merge,differentialOpticalAbsorptionSpectroscopy,Differential optical absorption spectroscopy,exact,non-controversial,ObservingMethod,Spell out DOAS.
Atmosphere,323,TCCON Fourier-transform IR spectroscopy (TCCON-FTIR),http://codes.wmo.int/wmdr/ObservingMethodAtmosphere/323,,merge,fourierTransformInfraredSpectroscopy,Fourier-transform infrared spectroscopy,close,discussion needed,ObservingMethod,TCCON identifies a network/protocol context; the underlying method is FTIR spectroscopy.
Atmosphere,336,Microwave radiometry,http://codes.wmo.int/wmdr/ObservingMethodAtmosphere/336,,merge,microwaveRadiometry,Microwave radiometry,exact,non-controversial,ObservingMethod,Duplicate/near-duplicate instrument and method entries use the same microwave-radiometric principle.
Atmosphere,344,GC-CVAFS,http://codes.wmo.int/wmdr/ObservingMethodAtmosphere/344,Gas chromatography and detection by cold vapour atomic fluorescence spectrometry.,merge,gasChromatographyColdVapourAtomicFluorescence,Gas chromatography with cold-vapour atomic fluorescence spectrometry,exact,non-controversial,ObservingMethod,Exact duplicate concept in the legacy registers. Acronym is spelled out in the new notation.
Atmosphere,345,GC-TCD,http://codes.wmo.int/wmdr/ObservingMethodAtmosphere/345,Gas chromatography and detection by a thermal conductivity detector.,merge,gasChromatographyThermalConductivityDetection,Gas chromatography with thermal-conductivity detection,exact,non-controversial,ObservingMethod,Exact duplicate concept in the legacy registers. Acronym is spelled out in the new notation.
Atmosphere,417,GC-CVAFS,http://codes.wmo.int/wmdr/ObservingMethodAtmosphere/417,Gas chromatography and detection by cold vapour atomic fluorescence spectrometry.,merge,gasChromatographyColdVapourAtomicFluorescence,Gas chromatography with cold-vapour atomic fluorescence spectrometry,exact,non-controversial,ObservingMethod,Exact duplicate concept in the legacy registers. Acronym is spelled out in the new notation.
Atmosphere,418,GC-TCD,http://codes.wmo.int/wmdr/ObservingMethodAtmosphere/418,Gas chromatography and detection by a thermal conductivity detector.,merge,gasChromatographyThermalConductivityDetection,Gas chromatography with thermal-conductivity detection,exact,non-controversial,ObservingMethod,Exact duplicate concept in the legacy registers. Acronym is spelled out in the new notation.
Ocean,401,Mercury-based thermometry,http://codes.wmo.int/wmdr/ObservingMethodOcean/401,Measurement of temperature using a mercury based column.,merge,mercuryColumnThermometry,Mercury-column thermometry,exact,non-controversial,ObservingMethod,Same principle as atmospheric mercury-in-glass thermometry.
Ocean,402,Fluid-based thermometry (excluding mercury),http://codes.wmo.int/wmdr/ObservingMethodOcean/402,Measurement of temperature using a fluid based column (other than mercury).,merge,liquidColumnThermometry,Liquid-column thermometry,exact,non-controversial,ObservingMethod,Same principle as atmospheric mercury-free liquid-in-glass thermometry.
Ocean,404,Electrical conductivity,http://codes.wmo.int/wmdr/ObservingMethodOcean/404,Measurement derived from the measurement of electrical conductivity.,merge,electricalConductivityMeasurement,Electrical conductivity measurement,exact,non-controversial,ObservingMethod,Same physical method as atmosphere conductometry/electric conductivity.
Ocean,406,Piezoresistivity,http://codes.wmo.int/wmdr/ObservingMethodOcean/406,Measurement of the change in electrical resistance of a material under mechanical stress.,merge,piezoresistivePressureMeasurement,Piezoresistive pressure measurement,exact,non-controversial,ObservingMethod,Piezoresistivity is the pressure-transduction principle also represented by silicon-diaphragm pressure transducers.
Ocean,411,Potentiometric method,http://codes.wmo.int/wmdr/ObservingMethodOcean/411,Ion-sensitive field-effect transistor that responds to proton activity and a Ag/AgCl reference electrode.,merge,potentiometry,Potentiometry,close,discussion needed,ObservingMethod,Consolidate with atmosphere potentiometric entries; electrode implementation remains instrument detail.
Terrestrial,346,Frequency domain reflectometry,http://codes.wmo.int/wmdr/ObservingMethodTerrestrial/346,"Measurement of soil capacitance by means of radio frequency waves. The soil acts as the dielectric completing a capacitance circuit, which is part of a feedback loop of a high-frequency transistor oscillator. [Based on 'Frequency domain reflectometry' in Guide to Hydrological Practices (WMO-No. 168), Volume I. 2008 edition, updated in 2020.]",merge,frequencyDomainReflectometry,Frequency-domain reflectometry,exact,non-controversial,ObservingMethod,Exact duplicate concept in the legacy registers.
Terrestrial,347,Gamma-ray attenuation,http://codes.wmo.int/wmdr/ObservingMethodTerrestrial/347,"Determination of gamma-ray attenuation at given depth of soil using a source and a detector placed at a given distance at the same depth. If the apparent dry bulk density of the soil is known the signal can be converted into a measure of the volumetric soil-moisture content. [Based on 'Gamma-ray attenuation' in Guide to Hydrological Practices (WMO-No. 168), Volume I. 2008 edition, updated in 2020.]",merge,gammaRayAttenuation,Gamma-ray attenuation,exact,non-controversial,ObservingMethod,Exact duplicate concept in the legacy registers.
Terrestrial,348,Non-recording gauge,http://codes.wmo.int/wmdr/ObservingMethodTerrestrial/348,"Determination of water stage by means of a non-recording gauge (e.g., graduated vertical or inclined staff gauge, wire-weight gauge, graduated rod, tape or point gauge and maximum-stage gauge). [Based on 'Non-recording gauges' in Guide to Hydrological Practices (WMO-No. 168), Volume I. 2008 edition, updated in 2020.]",merge,manualWaterLevelMeasurement,Manual water-level measurement,close,discussion needed,ObservingMethod,Exact duplicate concept in the legacy registers. Legacy 'non-recording gauge' is an instrument category; proposed concept captures the common manual measurement.
Terrestrial,349,Staff gauge,http://codes.wmo.int/wmdr/ObservingMethodTerrestrial/349,"Determination of water stage by means of a graduated vertical scale, fixed to a staff or structure, on which the water level may be read. Synonym: vertical gauge. [Based on 'Staff gauge' in International Glossary of Hydrology (WMO-No. 385). 2012 edition.]",merge,graduatedScaleWaterLevelMeasurement,Graduated-scale water-level measurement,close,discussion needed,ObservingMethod,Exact duplicate concept in the legacy registers. Staff-gauge geometry is an instrument characteristic.
Terrestrial,350,Inclined gauge,http://codes.wmo.int/wmdr/ObservingMethodTerrestrial/350,Determination of water stage by means of a non-vertical scale which is graduated to indicate vertical heights. [Based on 'inclined gauge' in International Glossary of Hydrology (WMO-No. 385). 2012 edition.],merge,graduatedScaleWaterLevelMeasurement,Graduated-scale water-level measurement,close,discussion needed,ObservingMethod,Inclination is an instrument geometry detail; same direct graduated-scale water-level method.
Terrestrial,365,Cup-type current meter,http://codes.wmo.int/wmdr/ObservingMethodTerrestrial/365,Determination of water velocity by means of a current meter whose rotor is composed of a wheel fitted with cups turning on a vertical axis. [Based on 'cup-type current meter' in International Glossary of Hydrology (WMO-No. 385). 2012 edition.],merge,rotatingCupVelocityMeasurement,Rotating-cup velocity measurement,close,discussion needed,ObservingMethod,Same rotating-cup velocity principle as atmospheric cup anemometry; domain should not determine method identity.
Terrestrial,366,Propeller-type current meter,http://codes.wmo.int/wmdr/ObservingMethodTerrestrial/366,Determination of water velocity by means of a current meter in which the rotor is a propeller rotating around an axis parallel to the flow. [Based on 'propeller-type current meter' in International Glossary of Hydrology (WMO-No. 385). 2012 edition.],merge,propellerVelocityMeasurement,Propeller velocity measurement,close,discussion needed,ObservingMethod,Same rotating-propeller velocity principle as atmospheric propeller anemometry.
Terrestrial,367,Acoustic (ultrasonic) velocity meter,http://codes.wmo.int/wmdr/ObservingMethodTerrestrial/367,Measurement of the difference in travel time of acoustic (ultrasonic) pulses between transducers in a stream to determine the mean velocity on the signal path. [Based on 'acoustic (ultrasonic) velocity meter' in International Glossary of Hydrology (WMO-No. 385). 2012 edition.],merge,acousticTransitTimeVelocimetry,Acoustic transit-time velocimetry,exact,non-controversial,ObservingMethod,Travel-time difference of acoustic pulses is the method; this is domain-independent.
Terrestrial,369,Acoustic doppler current meter,http://codes.wmo.int/wmdr/ObservingMethodTerrestrial/369,"Determination of stream velocity by means of an acoustic Doppler instrument, which measures the velocity of the water based on the Doppler shift experienced by an acoustic pulse of energy which is reflected off particles suspended in, and moving with, the water. [Based on 'Acoustic Doppler Velocimeter' in Guide to Hydrological Practices (WMO-No. 168), Volume I. 2008 edition, updated in 2020.]",merge,acousticDopplerVelocimetry,Acoustic-Doppler velocimetry,exact,non-controversial,ObservingMethod,Same Doppler acoustic velocity-measurement principle; fixed/meter implementation belongs in instrument/deployment metadata.
Terrestrial,375,Volumetric method,http://codes.wmo.int/wmdr/ObservingMethodTerrestrial/375,"A process for measuring the discharge of a well, spring, or stream by diverting its flow into a volumetric container and timing the fill.",merge,volumetricMeasurement,Volumetric measurement,close,discussion needed,ObservingMethod,Likely same general principle as atmosphere 'Volumetric measurement'; definition is a specific timed-volume discharge application.
Terrestrial,378,Acoustic doppler velocity meter (ADVM),http://codes.wmo.int/wmdr/ObservingMethodTerrestrial/378,"Determination of water velocity by using the Doppler principle applied to sound transmitted under water, in which the instrument is mounted in a fixed position under the water, giving an index velocity for a significant part of the flowing stream. [Based on Manual on Stream Gauging (WMO No. 1044), volume I]",merge,acousticDopplerVelocimetry,Acoustic-Doppler velocimetry,exact,non-controversial,ObservingMethod,Same Doppler acoustic velocity-measurement principle; fixed/meter implementation belongs in instrument/deployment metadata.
Terrestrial,419,Frequency domain reflectometry,http://codes.wmo.int/wmdr/ObservingMethodTerrestrial/419,"Measurement of soil capacitance by means of radio frequency waves. The soil acts as the dielectric completing a capacitance circuit, which is part of a feedback loop of a high-frequency transistor oscillator. [Based on 'Frequency domain reflectometry' in Guide to Hydrological Practices (WMO-No. 168), Volume I. 2008 edition, updated in 2020.]",merge,frequencyDomainReflectometry,Frequency-domain reflectometry,exact,non-controversial,ObservingMethod,Exact duplicate concept in the legacy registers.
Terrestrial,420,Gamma-ray attenuation,http://codes.wmo.int/wmdr/ObservingMethodTerrestrial/420,"Determination of gamma-ray attenuation at given depth of soil using a source and a detector placed at a given distance at the same depth. If the apparent dry bulk density of the soil is known the signal can be converted into a measure of the volumetric soil-moisture content. [Based on 'Gamma-ray attenuation' in Guide to Hydrological Practices (WMO-No. 168), Volume I. 2008 edition, updated in 2020.]",merge,gammaRayAttenuation,Gamma-ray attenuation,exact,non-controversial,ObservingMethod,Exact duplicate concept in the legacy registers.
Terrestrial,421,Non-recording gauge,http://codes.wmo.int/wmdr/ObservingMethodTerrestrial/421,"Determination of water stage by means of a non-recording gauge (e.g., graduated vertical or inclined staff gauge, wire-weight gauge, graduated rod, tape or point gauge and maximum-stage gauge). [Based on 'Non-recording gauges' in Guide to Hydrological Practices (WMO-No. 168), Volume I. 2008 edition, updated in 2020.]",merge,manualWaterLevelMeasurement,Manual water-level measurement,close,discussion needed,ObservingMethod,Exact duplicate concept in the legacy registers. Legacy 'non-recording gauge' is an instrument category; proposed concept captures the common manual measurement.
Terrestrial,422,Staff gauge,http://codes.wmo.int/wmdr/ObservingMethodTerrestrial/422,"Determination of water stage by means of a graduated vertical scale, fixed to a staff or structure, on which the water level may be read. Synonym: vertical gauge. [Based on 'Staff gauge' in International Glossary of Hydrology (WMO-No. 385). 2012 edition.]",merge,graduatedScaleWaterLevelMeasurement,Graduated-scale water-level measurement,close,discussion needed,ObservingMethod,Exact duplicate concept in the legacy registers. Staff-gauge geometry is an instrument characteristic.
Atmosphere,24,Human observation,http://codes.wmo.int/wmdr/ObservingMethodAtmosphere/24,Observation of clouds from the Earth's surface by a human observer (ref: https://cloudatlas.wmo.int/en/observation-of-clouds-from-the-earths-surface.html),move,,,,non-controversial,SourceOfObservation,"Human observation describes the source of observation, not the scientific observing method."
Atmosphere,67,Anion exchange membrane (AEM),http://codes.wmo.int/wmdr/ObservingMethodAtmosphere/67,,move,,,,discussion needed,SampleTreatment/SamplingStrategy,Legacy entry primarily describes sampling or sample treatment rather than the analytical/observing method.
Atmosphere,72,BSRN compliant instrument,http://codes.wmo.int/wmdr/ObservingMethodAtmosphere/72,,move,,,,non-controversial,Instrument/Procedure,"Compliance with BSRN requirements is an instrument/procedure qualification, not a measurement principle."
Atmosphere,97,Cuvette,http://codes.wmo.int/wmdr/ObservingMethodAtmosphere/97,,move,,,,non-controversial,Instrument,"A cuvette is a sample cell/component, not an observing method."
Atmosphere,98,Denuder,http://codes.wmo.int/wmdr/ObservingMethodAtmosphere/98,,move,,,,non-controversial,SamplingStrategy/SampleTreatment,Legacy entry primarily describes sampling or sample treatment rather than the analytical/observing method.
Atmosphere,99,Denuder,http://codes.wmo.int/wmdr/ObservingMethodAtmosphere/99,,move,,,,non-controversial,SamplingStrategy/SampleTreatment,Legacy entry primarily describes sampling or sample treatment rather than the analytical/observing method.
Atmosphere,120,Flask sampling (analytical method unspecified),http://codes.wmo.int/wmdr/ObservingMethodAtmosphere/120,,move,,,,non-controversial,SamplingStrategy,Legacy entry primarily describes sampling or sample treatment rather than the analytical/observing method.
Atmosphere,157,NILU_O_2,http://codes.wmo.int/wmdr/ObservingMethodAtmosphere/157,,move,,,,discussion needed,Instrument/Procedure,Legacy label is an unexplained NILU-specific identifier with no definition; do not mint it as a scientific method without clarification.
Atmosphere,158,NILU_O_3,http://codes.wmo.int/wmdr/ObservingMethodAtmosphere/158,,move,,,,discussion needed,Instrument/Procedure,Legacy label is an unexplained NILU-specific identifier with no definition; do not mint it as a scientific method without clarification.
Atmosphere,166,Ozone sonde (unspecified),http://codes.wmo.int/wmdr/ObservingMethodAtmosphere/166,,move,,,,discussion needed,Instrument; ObservingMethod nilReason=unknown,Generic 'ozone sonde' identifies an instrument class but does not specify its measurement principle.
Atmosphere,167,Passive Samplers [general],http://codes.wmo.int/wmdr/ObservingMethodAtmosphere/167,,move,,,,non-controversial,SamplingStrategy,Legacy entry primarily describes sampling or sample treatment rather than the analytical/observing method.
Atmosphere,170,Pluviograph,http://codes.wmo.int/wmdr/ObservingMethodAtmosphere/170,,move,,,,discussion needed,Instrument; ObservingMethod to be determined,"Pluviograph describes a recording instrument class, not a unique measurement principle."
Atmosphere,208,Transport modeling (model unspecified),http://codes.wmo.int/wmdr/ObservingMethodAtmosphere/208,,move,,,,non-controversial,Derivation/ProcessingMethod,Transport modelling derives information; it is not a direct observation method.
Atmosphere,218,EUSAAR protocol,http://codes.wmo.int/wmdr/ObservingMethodAtmosphere/218,,move,,,,non-controversial,Procedure/Protocol,EUSAAR is a protocol; the underlying analytical method should be recorded separately.
Atmosphere,239,Multistage impactor,http://codes.wmo.int/wmdr/ObservingMethodAtmosphere/239,,move,,,,discussion needed,SamplingStrategy,A multistage impactor primarily performs size-selective sampling/fractionation.
Atmosphere,246,Flexpart (dispersion modeling),http://codes.wmo.int/wmdr/ObservingMethodAtmosphere/246,,move,,,,non-controversial,Derivation/ProcessingMethod,"FLEXPART is modelling/trajectory software, not an observation method."
Atmosphere,247,Flextra (trajectory modeling),http://codes.wmo.int/wmdr/ObservingMethodAtmosphere/247,,move,,,,non-controversial,Derivation/ProcessingMethod,"FLEXTRA is modelling/trajectory software, not an observation method."
Atmosphere,248,Hysplit (trajectory modeling),http://codes.wmo.int/wmdr/ObservingMethodAtmosphere/248,,move,,,,non-controversial,Derivation/ProcessingMethod,"HYSPLIT is modelling/trajectory software, not an observation method."
Atmosphere,249,Lagranto (trajectory modeling),http://codes.wmo.int/wmdr/ObservingMethodAtmosphere/249,,move,,,,non-controversial,Derivation/ProcessingMethod,"LAGRANTO is modelling/trajectory software, not an observation method."
Atmosphere,258,Electrical aspiration (Frankenberger type),http://codes.wmo.int/wmdr/ObservingMethodAtmosphere/258,,move,,,,discussion needed,Instrument/Procedure,Aspiration describes ventilation/airflow through the sensor rather than the sensing principle.
Atmosphere,259,Mechanical aspiration,http://codes.wmo.int/wmdr/ObservingMethodAtmosphere/259,,move,,,,discussion needed,Instrument/Procedure,Aspiration describes ventilation/airflow through the sensor rather than the sensing principle.
Atmosphere,279,Filter sampling (analytical method unspecified),http://codes.wmo.int/wmdr/ObservingMethodAtmosphere/279,,move,,,,non-controversial,SamplingStrategy,Legacy entry primarily describes sampling or sample treatment rather than the analytical/observing method.
Atmosphere,286,Impregnated filter,http://codes.wmo.int/wmdr/ObservingMethodAtmosphere/286,,move,,,,non-controversial,SamplingStrategy/SampleTreatment,Legacy entry primarily describes sampling or sample treatment rather than the analytical/observing method.
Atmosphere,331,Radiosonde (tracking unspecified),http://codes.wmo.int/wmdr/ObservingMethodAtmosphere/331,,move,,,,non-controversial,Instrument; ObservingMethod nilReason=unknown,Tracking method is explicitly unspecified.
Atmosphere,414,Fog collection,http://codes.wmo.int/wmdr/ObservingMethodAtmosphere/414,Collection of fog using a mesh or similar capturing device and subsequent determination of the equivalent volume or mass of water.,move,,,,non-controversial,SamplingStrategy,"Fog collection is sampling, not the analytical observing method."
Terrestrial,354,Recording gauge,http://codes.wmo.int/wmdr/ObservingMethodTerrestrial/354,"Determination of water stage by means of a recording gauge, for example, a device that automatically records the water level as detected by a sensor, either continuously or at regular time intervals. Synonyms: limnigraph, stage recorder, water-level recorder. [Based on 'water-level recorder' in International Glossary of Hydrology (WMO-No. 385). 2012 edition.]",move,,,,discussion needed,Instrument; ObservingMethod to be determined,A generic recording gauge states only that values are recorded; it does not define the sensing principle.
Atmosphere,inapplicable,inapplicable,http://codes.wmo.int/wmdr/ObservingMethodAtmosphere/inapplicable,None of the codes in the table are applicable in the context of this particular observation.,nilReason,,,,non-controversial,nilReason,Not an observing method; represent this as a nilReason rather than a code-list concept.
Atmosphere,unknown,unknown,http://codes.wmo.int/wmdr/ObservingMethodAtmosphere/unknown,The measurement/observing method is unknown.,nilReason,,,,non-controversial,nilReason,Not an observing method; represent this as a nilReason rather than a code-list concept.
Terrestrial,inapplicable,inapplicable,http://codes.wmo.int/wmdr/ObservingMethodTerrestrial/inapplicable,None of the codes in the table are applicable in the context of this particular observation.,nilReason,,,,non-controversial,nilReason,Not an observing method; represent this as a nilReason rather than a code-list concept.
Terrestrial,unknown,unknown,http://codes.wmo.int/wmdr/ObservingMethodTerrestrial/unknown,The measurement/observing method is unknown.,nilReason,,,,non-controversial,nilReason,Not an observing method; represent this as a nilReason rather than a code-list concept.
Atmosphere,58,(Optical) filter Instrument,http://codes.wmo.int/wmdr/ObservingMethodAtmosphere/58,,rename,filterRadiometry,Filter radiometry,close,discussion needed,ObservingMethod,Legacy entry names an instrument or instrument type; proposed mapping expresses the measurement principle instead.
Atmosphere,59,(Ruler for) rain gauge,http://codes.wmo.int/wmdr/ObservingMethodAtmosphere/59,,rename,graduatedScalePrecipitationMeasurement,Graduated-scale precipitation measurement,close,discussion needed,ObservingMethod,Legacy entry names an instrument or instrument type; proposed mapping expresses the measurement principle instead.
Atmosphere,64,Alpha counting,http://codes.wmo.int/wmdr/ObservingMethodAtmosphere/64,,rename,alphaCounting,Alpha counting,exact,non-controversial,ObservingMethod,Method already principle-oriented.
Atmosphere,65,Anemometer [general],http://codes.wmo.int/wmdr/ObservingMethodAtmosphere/65,,rename,anemometry,Anemometry,close,discussion needed,ObservingMethod,Legacy entry names an instrument or instrument type; proposed mapping expresses the measurement principle instead.
Atmosphere,66,Aneroid barometer (evacuated capsule),http://codes.wmo.int/wmdr/ObservingMethodAtmosphere/66,,rename,aneroidPressureMeasurement,Aneroid pressure measurement,close,non-controversial,ObservingMethod,Legacy entry names an instrument or instrument type; proposed mapping expresses the measurement principle instead.
Atmosphere,68,Atmometer,http://codes.wmo.int/wmdr/ObservingMethodAtmosphere/68,,rename,atmometricEvaporationMeasurement,Atmometric evaporation measurement,close,discussion needed,ObservingMethod,Legacy entry names an instrument or instrument type; proposed mapping expresses the measurement principle instead.
Atmosphere,69,Atmospherics ('sferics') detection,http://codes.wmo.int/wmdr/ObservingMethodAtmosphere/69,,rename,atmosphericRadioNoiseDetection,Atmospheric radio-noise detection,close,discussion needed,ObservingMethod,Replace colloquial 'sferics' wording with a method-oriented term; confirm preferred scientific terminology.
Atmosphere,70,Atomic absorption spectrophotometry (AAS),http://codes.wmo.int/wmdr/ObservingMethodAtmosphere/70,,rename,atomicAbsorptionSpectrophotometry,Atomic absorption spectrophotometry,exact,non-controversial,ObservingMethod,Spell out AAS.
Atmosphere,71,Atomic emission spectrophotometry (AES),http://codes.wmo.int/wmdr/ObservingMethodAtmosphere/71,,rename,atomicEmissionSpectrophotometry,Atomic emission spectrophotometry,exact,non-controversial,ObservingMethod,Spell out AES.
Atmosphere,73,"Barometer, mercury column",http://codes.wmo.int/wmdr/ObservingMethodAtmosphere/73,,rename,mercuryColumnPressureMeasurement,Mercury-column pressure measurement,close,non-controversial,ObservingMethod,Legacy entry names an instrument or instrument type; proposed mapping expresses the measurement principle instead.
Atmosphere,74,"Barometer, mercury-free column",http://codes.wmo.int/wmdr/ObservingMethodAtmosphere/74,,rename,liquidColumnPressureMeasurement,Liquid-column pressure measurement,close,discussion needed,ObservingMethod,Legacy entry names an instrument or instrument type; proposed mapping expresses the measurement principle instead.
Atmosphere,75,Beta counting,http://codes.wmo.int/wmdr/ObservingMethodAtmosphere/75,,rename,betaCounting,Beta counting,exact,non-controversial,ObservingMethod,Method already principle-oriented.
Atmosphere,76,Bimetal thermometer,http://codes.wmo.int/wmdr/ObservingMethodAtmosphere/76,,rename,bimetallicThermometry,Bimetallic thermometry,close,non-controversial,ObservingMethod,Legacy entry names an instrument or instrument type; proposed mapping expresses the measurement principle instead.
Atmosphere,77,Bowen-ratio method,http://codes.wmo.int/wmdr/ObservingMethodAtmosphere/77,,rename,bowenRatioMethod,Bowen-ratio method,exact,non-controversial,ObservingMethod,Normalize notation.
Atmosphere,78,Brewer,http://codes.wmo.int/wmdr/ObservingMethodAtmosphere/78,,rename,differentialUltravioletAbsorptionSpectrophotometry,Differential ultraviolet absorption spectrophotometry,close,discussion needed,ObservingMethod,"Legacy entry names a branded or model-specific instrument; instrument identity belongs in instrument metadata, not ObservingMethod."
Atmosphere,82,Capacitive rain sensor,http://codes.wmo.int/wmdr/ObservingMethodAtmosphere/82,,rename,capacitivePrecipitationDetection,Capacitive precipitation detection,close,discussion needed,ObservingMethod,Legacy entry names an instrument or instrument type; proposed mapping expresses the measurement principle instead.
Atmosphere,83,Capillary electrophoresis (CE),http://codes.wmo.int/wmdr/ObservingMethodAtmosphere/83,,rename,capillaryElectrophoresis,Capillary electrophoresis,exact,non-controversial,ObservingMethod,Spell out CE.
Atmosphere,87,Colorimetric titration (Gran method),http://codes.wmo.int/wmdr/ObservingMethodAtmosphere/87,,rename,granColorimetricTitration,Gran colorimetric titration,exact,non-controversial,ObservingMethod,Method-oriented wording.
Atmosphere,88,Colorimetric titration [general],http://codes.wmo.int/wmdr/ObservingMethodAtmosphere/88,,rename,colorimetricTitration,Colorimetric titration,exact,non-controversial,ObservingMethod,Remove '[general]' qualifier.
Atmosphere,90,Colorimetry (Saltzman),http://codes.wmo.int/wmdr/ObservingMethodAtmosphere/90,,rename,saltzmanColorimetry,Saltzman colorimetry,exact,non-controversial,ObservingMethod,Method-oriented wording.
Atmosphere,91,Colorimetry (thorin),http://codes.wmo.int/wmdr/ObservingMethodAtmosphere/91,,rename,thorinColorimetry,Thorin colorimetry,exact,non-controversial,ObservingMethod,Method-oriented wording.
Atmosphere,102,Disdrometer (drop spectrographs),http://codes.wmo.int/wmdr/ObservingMethodAtmosphere/102,,rename,disdrometry,Disdrometry,close,discussion needed,ObservingMethod,Legacy entry names an instrument or instrument type; proposed mapping expresses the measurement principle instead.
Atmosphere,103,Disjunct eddy covariance method,http://codes.wmo.int/wmdr/ObservingMethodAtmosphere/103,,rename,disjunctEddyCovariance,Disjunct eddy covariance,exact,non-controversial,ObservingMethod,Remove redundant 'method'.
Atmosphere,105,Dissipation method,http://codes.wmo.int/wmdr/ObservingMethodAtmosphere/105,,rename,dissipationMethod,Dissipation method,exact,discussion needed,ObservingMethod,"Generic label is retained, but definition/scope should be checked in the consolidated vocabulary."
Atmosphere,107,ECC Sonde,http://codes.wmo.int/wmdr/ObservingMethodAtmosphere/107,,rename,electrochemicalConcentrationCell,Electrochemical concentration-cell measurement,close,discussion needed,ObservingMethod,Legacy entry names an instrument or instrument type; proposed mapping expresses the measurement principle instead.
Atmosphere,108,Eddy accumulation method,http://codes.wmo.int/wmdr/ObservingMethodAtmosphere/108,,rename,eddyAccumulation,Eddy accumulation,exact,non-controversial,ObservingMethod,Remove redundant 'method'.
Atmosphere,109,Eddy covariance method,http://codes.wmo.int/wmdr/ObservingMethodAtmosphere/109,,rename,eddyCovariance,Eddy covariance,exact,non-controversial,ObservingMethod,Remove redundant 'method'.
Atmosphere,112,Estimation from visual observation,http://codes.wmo.int/wmdr/ObservingMethodAtmosphere/112,,rename,visualEstimation,Visual estimation,exact,non-controversial,ObservingMethod,Method-oriented wording.
Atmosphere,113,Evaporation pan and-or tank,http://codes.wmo.int/wmdr/ObservingMethodAtmosphere/113,,rename,panEvaporationMeasurement,Pan evaporation measurement,close,discussion needed,ObservingMethod,Legacy entry names an instrument or instrument type; proposed mapping expresses the measurement principle instead.
Atmosphere,114,Faraday cup photochemistry,http://codes.wmo.int/wmdr/ObservingMethodAtmosphere/114,,rename,faradayCupPhotochemistry,Faraday-cup photochemistry,exact,discussion needed,ObservingMethod,"The legacy entry has no definition; retain provisionally but confirm whether this is a method, detector arrangement, or erroneous label."
Atmosphere,119,Flame-ionization detector (FID),http://codes.wmo.int/wmdr/ObservingMethodAtmosphere/119,,rename,flameIonizationDetection,Flame-ionization detection,exact,non-controversial,ObservingMethod,Replace detector acronym with the spelled-out method name.
Atmosphere,121,Flow injection analyzer (FIA),http://codes.wmo.int/wmdr/ObservingMethodAtmosphere/121,,rename,flowInjectionAnalysis,Flow-injection analysis,exact,non-controversial,ObservingMethod,Method-oriented wording.
Atmosphere,123,Flux variance method,http://codes.wmo.int/wmdr/ObservingMethodAtmosphere/123,,rename,fluxVarianceMethod,Flux-variance method,exact,non-controversial,ObservingMethod,Normalize notation.
Atmosphere,125,Gradient method,http://codes.wmo.int/wmdr/ObservingMethodAtmosphere/125,,rename,gradientMethod,Gradient method,exact,discussion needed,ObservingMethod,Generic method retained; consolidated definition should clarify scope.
Atmosphere,127,Gravimetry [general],http://codes.wmo.int/wmdr/ObservingMethodAtmosphere/127,,rename,gravimetry,Gravimetry,exact,non-controversial,ObservingMethod,Remove '[general]' qualifier.
Atmosphere,129,High Performance Liquid Chromatography (HPLC),http://codes.wmo.int/wmdr/ObservingMethodAtmosphere/129,,rename,highPerformanceLiquidChromatography,High-performance liquid chromatography,exact,non-controversial,ObservingMethod,Spell out the established method instead of using the acronym in the notation.
Atmosphere,130,Hot wire anemometer,http://codes.wmo.int/wmdr/ObservingMethodAtmosphere/130,,rename,hotWireAnemometry,Hot-wire anemometry,close,non-controversial,ObservingMethod,Legacy entry names an instrument or instrument type; proposed mapping expresses the measurement principle instead.
Atmosphere,132,Hypsometer (water boiling point),http://codes.wmo.int/wmdr/ObservingMethodAtmosphere/132,,rename,boilingPointHypsometry,Boiling-point hypsometry,close,non-controversial,ObservingMethod,Legacy entry names an instrument or instrument type; proposed mapping expresses the measurement principle instead.
Atmosphere,133,ICP-AES,http://codes.wmo.int/wmdr/ObservingMethodAtmosphere/133,,rename,inductivelyCoupledPlasmaAtomicEmissionSpectrometry,Inductively coupled plasma atomic-emission spectrometry,exact,non-controversial,ObservingMethod,Spell out the established method; notation remains within the proposed length limit.
Atmosphere,134,ICP-MS,http://codes.wmo.int/wmdr/ObservingMethodAtmosphere/134,,rename,inductivelyCoupledPlasmaMassSpectrometry,Inductively coupled plasma mass spectrometry,exact,non-controversial,ObservingMethod,Spell out the established method.
Atmosphere,136,Interferential method,http://codes.wmo.int/wmdr/ObservingMethodAtmosphere/136,,rename,interferometry,Interferometry,close,discussion needed,ObservingMethod,Normalize the legacy 'interferential method' to the standard method noun; confirm intended scope.
Atmosphere,137,Ion Chromatography (IC) [general],http://codes.wmo.int/wmdr/ObservingMethodAtmosphere/137,,rename,ionChromatography,Ion chromatography,exact,non-controversial,ObservingMethod,Spell out IC and remove '[general]'.
Atmosphere,142,Doppler wind lidar,http://codes.wmo.int/wmdr/ObservingMethodAtmosphere/142,"Light detection and ranging (lidar) with Doppler capability (direct and coherent mode), typically used for measurements of winds.",rename,dopplerWindLidar,Doppler wind lidar,exact,non-controversial,ObservingMethod,Method is already principle-oriented; normalize notation.
Atmosphere,143,Raman lidar,http://codes.wmo.int/wmdr/ObservingMethodAtmosphere/143,"Light detection and ranging (lidar) with Raman capability, typically used for measurements of aerosol particle phase and cloud measurements as well as water vapor and temperature.",rename,ramanLidar,Raman lidar,exact,non-controversial,ObservingMethod,Method is already principle-oriented; normalize notation.
Atmosphere,146,Lysimeter,http://codes.wmo.int/wmdr/ObservingMethodAtmosphere/146,,rename,lysimetry,Lysimetry,close,discussion needed,ObservingMethod,Legacy entry names an instrument or instrument type; proposed mapping expresses the measurement principle instead.
Atmosphere,147,Mass balance method,http://codes.wmo.int/wmdr/ObservingMethodAtmosphere/147,,rename,massBalanceMethod,Mass-balance method,exact,non-controversial,ObservingMethod,Normalize notation.
Atmosphere,150,Microbarometer (dewar),http://codes.wmo.int/wmdr/ObservingMethodAtmosphere/150,,rename,microbarometry,Microbarometry,close,discussion needed,ObservingMethod,Legacy entry names an instrument or instrument type; proposed mapping expresses the measurement principle instead.
Atmosphere,168,Photoacoustic detection,http://codes.wmo.int/wmdr/ObservingMethodAtmosphere/168,,rename,photoacousticDetection,Photoacoustic detection,exact,non-controversial,ObservingMethod,Method already principle-oriented.
Atmosphere,171,Potassium iodide (KI) method,http://codes.wmo.int/wmdr/ObservingMethodAtmosphere/171,,rename,potassiumIodideOzoneMeasurement,Potassium-iodide ozone measurement,exact,discussion needed,ObservingMethod,Method wording retained; review relationship to electrochemical ozonesonde methods.
Atmosphere,174,Pressure balance (piston),http://codes.wmo.int/wmdr/ObservingMethodAtmosphere/174,,rename,pistonPressureBalance,Piston pressure-balance measurement,close,non-controversial,ObservingMethod,Legacy entry names an instrument or instrument type; proposed mapping expresses the measurement principle instead.
Atmosphere,175,Pressure plate (solid blade),http://codes.wmo.int/wmdr/ObservingMethodAtmosphere/175,,rename,pressurePlateAnemometry,Pressure-plate anemometry,close,discussion needed,ObservingMethod,Legacy entry names an instrument or instrument type; proposed mapping expresses the measurement principle instead.
Atmosphere,176,Pressure tube,http://codes.wmo.int/wmdr/ObservingMethodAtmosphere/176,,rename,pressureTubeAnemometry,Pressure-tube anemometry,close,discussion needed,ObservingMethod,Legacy entry names an instrument or instrument type; proposed mapping expresses the measurement principle instead.
Atmosphere,179,Pyranometer (measurement of IR radiation),http://codes.wmo.int/wmdr/ObservingMethodAtmosphere/179,,rename,infraredRadiometry,Infrared radiometry,close,discussion needed,ObservingMethod,Legacy label is internally inconsistent ('pyranometer' vs infrared); retain the stated spectral principle pending review.
Atmosphere,180,"Pyrradiometer (total global, UV+IR)",http://codes.wmo.int/wmdr/ObservingMethodAtmosphere/180,,rename,broadbandTotalRadiometry,Broadband total radiometry,close,discussion needed,ObservingMethod,Legacy entry names an instrument or instrument type; proposed mapping expresses the measurement principle instead.
Atmosphere,183,Radio detection and ranging (Radar),http://codes.wmo.int/wmdr/ObservingMethodAtmosphere/183,,rename,radarRemoteSensing,Radar remote sensing,close,discussion needed,ObservingMethod,Legacy entry names an instrument or instrument type; proposed mapping expresses the measurement principle instead.
Atmosphere,184,Radio detection and ranging (Radar) profiler,http://codes.wmo.int/wmdr/ObservingMethodAtmosphere/184,,rename,radarProfiling,Radar profiling,close,discussion needed,ObservingMethod,Legacy entry names an instrument or instrument type; proposed mapping expresses the measurement principle instead.
Atmosphere,185,Radiochemical Methods [general],http://codes.wmo.int/wmdr/ObservingMethodAtmosphere/185,,rename,radiochemicalMethods,Radiochemical methods,exact,discussion needed,ObservingMethod,Remove '[general]' qualifier; consider whether a generic umbrella concept is desirable.
Atmosphere,186,Regener Sonde (chemiluminescence),http://codes.wmo.int/wmdr/ObservingMethodAtmosphere/186,,rename,chemiluminescenceDetection,Chemiluminescence detection,close,discussion needed,ObservingMethod,Legacy entry names an instrument or instrument type; proposed mapping expresses the measurement principle instead.
Atmosphere,188,"Resistance thermometer, thermistor",http://codes.wmo.int/wmdr/ObservingMethodAtmosphere/188,,rename,resistanceThermometry,Resistance thermometry,close,non-controversial,ObservingMethod,Legacy entry names an instrument or instrument type; proposed mapping expresses the measurement principle instead.
Atmosphere,190,Scatterometer,http://codes.wmo.int/wmdr/ObservingMethodAtmosphere/190,Visual range is calculated by measuring the return of light beam scattered by diffusion in air.,rename,scatterometry,Scatterometry,close,discussion needed,ObservingMethod,Legacy entry names an instrument or instrument type; proposed mapping expresses the measurement principle instead.
Atmosphere,191,Separation + manometric determination,http://codes.wmo.int/wmdr/ObservingMethodAtmosphere/191,,rename,separationAndManometricDetermination,Separation and manometric determination,exact,discussion needed,ObservingMethod,Composite analytical procedure retained provisionally; consider decomposition if treatment and measurement can be represented separately.
Atmosphere,195,Sonic thermometer,http://codes.wmo.int/wmdr/ObservingMethodAtmosphere/195,,rename,acousticThermometry,Acoustic thermometry,close,discussion needed,ObservingMethod,Legacy entry names an instrument or instrument type; proposed mapping expresses the measurement principle instead.
Atmosphere,196,Sound detection and ranging (Sodar) profiler,http://codes.wmo.int/wmdr/ObservingMethodAtmosphere/196,,rename,soundDetectionAndRangingProfiling,Sound detection and ranging profiling,close,discussion needed,ObservingMethod,Spell out SODAR rather than lower-camel-casing the acronym; retain method-oriented wording.
Atmosphere,197,Sunphotometry-Filter Radiometry,http://codes.wmo.int/wmdr/ObservingMethodAtmosphere/197,,rename,filterSunPhotometry,Filter sun photometry,exact,non-controversial,ObservingMethod,Normalize method-oriented wording.
Atmosphere,199,Surface chamber,http://codes.wmo.int/wmdr/ObservingMethodAtmosphere/199,,rename,surfaceChamberFluxMeasurement,Surface-chamber flux measurement,close,discussion needed,ObservingMethod,Legacy entry names an instrument or instrument type; proposed mapping expresses the measurement principle instead.
Atmosphere,201,"Thermocouple, thermopile",http://codes.wmo.int/wmdr/ObservingMethodAtmosphere/201,,rename,thermoelectricMeasurement,Thermoelectric measurement,close,discussion needed,ObservingMethod,Thermocouple/thermopile are transducer types; a more precise split by measurand may be preferable.
Atmosphere,204,Tipping bucket rain gauge (totalizer),http://codes.wmo.int/wmdr/ObservingMethodAtmosphere/204,,rename,tippingBucketPrecipitationMeasurement,Tipping-bucket precipitation measurement,close,discussion needed,ObservingMethod,Legacy entry names an instrument or instrument type; proposed mapping expresses the measurement principle instead.
Atmosphere,205,Titration,http://codes.wmo.int/wmdr/ObservingMethodAtmosphere/205,,rename,titration,Titration,exact,non-controversial,ObservingMethod,Method already principle-oriented.
Atmosphere,207,Transmissometer,http://codes.wmo.int/wmdr/ObservingMethodAtmosphere/207,Visual range is calculated by measuring the extinction coefficient of a beam of energy sent through a volume of air.,rename,transmissometry,Transmissometry,close,non-controversial,ObservingMethod,Legacy entry names an instrument or instrument type; proposed mapping expresses the measurement principle instead.
Atmosphere,209,Turbidity measurement,http://codes.wmo.int/wmdr/ObservingMethodAtmosphere/209,,rename,turbidimetry,Turbidimetry,exact,non-controversial,ObservingMethod,Standard method noun.
Atmosphere,210,Umkehr method,http://codes.wmo.int/wmdr/ObservingMethodAtmosphere/210,,rename,umkehrMethod,Umkehr method,exact,non-controversial,ObservingMethod,Established method name.
Atmosphere,212,Weighing type rain gauge (totalizer),http://codes.wmo.int/wmdr/ObservingMethodAtmosphere/212,,rename,gravimetricPrecipitationMeasurement,Gravimetric precipitation measurement,close,discussion needed,ObservingMethod,Legacy entry names an instrument or instrument type; proposed mapping expresses the measurement principle instead.
Atmosphere,213,Wet Chemical Methods [general],http://codes.wmo.int/wmdr/ObservingMethodAtmosphere/213,,rename,wetChemicalMethods,Wet-chemical methods,exact,discussion needed,ObservingMethod,Generic umbrella concept may be too broad for the consolidated vocabulary.
Atmosphere,214,Wind sock (textile tube),http://codes.wmo.int/wmdr/ObservingMethodAtmosphere/214,,rename,visualWindEstimation,Visual wind estimation,close,discussion needed,ObservingMethod,Legacy entry names an instrument or instrument type; proposed mapping expresses the measurement principle instead.
Atmosphere,215,Wind vane (solid blade),http://codes.wmo.int/wmdr/ObservingMethodAtmosphere/215,,rename,windVaneDirectionMeasurement,Wind-vane direction measurement,close,discussion needed,ObservingMethod,Legacy entry names an instrument or instrument type; proposed mapping expresses the measurement principle instead.
Atmosphere,221,Mass Spectrometry (MS) [general],http://codes.wmo.int/wmdr/ObservingMethodAtmosphere/221,,rename,massSpectrometry,Mass spectrometry,exact,non-controversial,ObservingMethod,Remove '[general]' qualifier.
Atmosphere,223,Particle induced x-ray emission (PIXE),http://codes.wmo.int/wmdr/ObservingMethodAtmosphere/223,,rename,particleInducedXRayEmissionSpectrometry,Particle-induced X-ray emission spectrometry,exact,non-controversial,ObservingMethod,Spell out the method.
Atmosphere,225,Thermo-optical analyzer (Sunset Labs),http://codes.wmo.int/wmdr/ObservingMethodAtmosphere/225,,rename,thermoOpticalAnalysis,Thermo-optical analysis,close,discussion needed,ObservingMethod,"Legacy entry names a branded or model-specific instrument; instrument identity belongs in instrument metadata, not ObservingMethod."
Atmosphere,226,X-ray fluorescence (XRF),http://codes.wmo.int/wmdr/ObservingMethodAtmosphere/226,,rename,xRayFluorescenceSpectrometry,X-ray fluorescence spectrometry,exact,non-controversial,ObservingMethod,Spell out the method.
Atmosphere,227,Aerodynamic particle sizing spectrometer (APS),http://codes.wmo.int/wmdr/ObservingMethodAtmosphere/227,,rename,aerodynamicParticleSizing,Aerodynamic particle sizing,close,discussion needed,ObservingMethod,Legacy entry names an instrument or instrument type; proposed mapping expresses the measurement principle instead.
Atmosphere,228,Aerosol backscatter sonde,http://codes.wmo.int/wmdr/ObservingMethodAtmosphere/228,,rename,opticalBackscatterMeasurement,Optical backscatter measurement,close,discussion needed,ObservingMethod,Legacy entry names an instrument or instrument type; proposed mapping expresses the measurement principle instead.
Atmosphere,229,Light scattering,http://codes.wmo.int/wmdr/ObservingMethodAtmosphere/229,,rename,lightScattering,Light scattering,exact,non-controversial,ObservingMethod,Method already principle-oriented.
Atmosphere,230,"Nephelometry, integrating",http://codes.wmo.int/wmdr/ObservingMethodAtmosphere/230,,rename,integratingNephelometry,Integrating nephelometry,exact,non-controversial,ObservingMethod,Method-oriented wording.
Atmosphere,231,Cloud condensation nuclei (CCN) counter,http://codes.wmo.int/wmdr/ObservingMethodAtmosphere/231,,rename,cloudCondensationNucleiCounting,Cloud-condensation-nuclei counting,close,discussion needed,ObservingMethod,Legacy entry names an instrument or instrument type; proposed mapping expresses the measurement principle instead.
Atmosphere,232,Condensation particle counter (CPC),http://codes.wmo.int/wmdr/ObservingMethodAtmosphere/232,,rename,condensationParticleCounting,Condensation-particle counting,close,discussion needed,ObservingMethod,Legacy entry names an instrument or instrument type; proposed mapping expresses the measurement principle instead.
Atmosphere,233,Continuous gravimetry,http://codes.wmo.int/wmdr/ObservingMethodAtmosphere/233,,rename,continuousGravimetry,Continuous gravimetry,exact,discussion needed,ObservingMethod,Retain as a narrower operational form of gravimetry if hierarchy is supported.
Atmosphere,234,"Differential mobility particle sizer (DMA, DMPS)",http://codes.wmo.int/wmdr/ObservingMethodAtmosphere/234,,rename,differentialMobilityParticleSizing,Differential-mobility particle sizing,close,discussion needed,ObservingMethod,Legacy entry names an instrument or instrument type; proposed mapping expresses the measurement principle instead.
Atmosphere,235,Diffusion battery,http://codes.wmo.int/wmdr/ObservingMethodAtmosphere/235,,rename,diffusionBatteryParticleSizing,Diffusion-battery particle sizing,close,discussion needed,ObservingMethod,Legacy entry names an instrument or instrument type; proposed mapping expresses the measurement principle instead.
Atmosphere,236,Electric mobility [general],http://codes.wmo.int/wmdr/ObservingMethodAtmosphere/236,,rename,electricalMobilityAnalysis,Electrical-mobility analysis,close,non-controversial,ObservingMethod,Method-oriented wording.
Atmosphere,237,Electrostatic classifier,http://codes.wmo.int/wmdr/ObservingMethodAtmosphere/237,,rename,electricalMobilityClassification,Electrical-mobility classification,close,discussion needed,ObservingMethod,Legacy entry names an instrument or instrument type; proposed mapping expresses the measurement principle instead.
Atmosphere,238,Multiangle absorption photometry (MAAP),http://codes.wmo.int/wmdr/ObservingMethodAtmosphere/238,,rename,multiAngleAbsorptionPhotometry,Multi-angle absorption photometry,close,non-controversial,ObservingMethod,Legacy entry names an instrument or instrument type; proposed mapping expresses the measurement principle instead.
Atmosphere,240,Optical particle counter (OPC),http://codes.wmo.int/wmdr/ObservingMethodAtmosphere/240,,rename,opticalParticleCounting,Optical particle counting,close,discussion needed,ObservingMethod,Legacy entry names an instrument or instrument type; proposed mapping expresses the measurement principle instead.
Atmosphere,241,Scanning mobility particle sizer (SMPS),http://codes.wmo.int/wmdr/ObservingMethodAtmosphere/241,,rename,scanningMobilityParticleSizing,Scanning-mobility particle sizing,close,discussion needed,ObservingMethod,Legacy entry names an instrument or instrument type; proposed mapping expresses the measurement principle instead.
Atmosphere,242,Twomey static thermal diffusion chamber,http://codes.wmo.int/wmdr/ObservingMethodAtmosphere/242,,rename,thermalDiffusionCloudActivation,Thermal-diffusion cloud activation measurement,close,discussion needed,ObservingMethod,"Legacy entry names a branded or model-specific instrument; instrument identity belongs in instrument metadata, not ObservingMethod."
Atmosphere,245,Ceilometer,http://codes.wmo.int/wmdr/ObservingMethodAtmosphere/245,,rename,elasticBackscatterLidar,Elastic-backscatter lidar,close,discussion needed,ObservingMethod,Legacy entry names an instrument or instrument type; proposed mapping expresses the measurement principle instead.
Atmosphere,250,Thin film capacitance,http://codes.wmo.int/wmdr/ObservingMethodAtmosphere/250,,rename,capacitiveHumidityMeasurement,Capacitive humidity measurement,close,non-controversial,ObservingMethod,Thin-film capacitance expresses the humidity-sensing principle.
Atmosphere,251,Chilled mirror,http://codes.wmo.int/wmdr/ObservingMethodAtmosphere/251,,rename,chilledMirrorHygrometry,Chilled-mirror hygrometry,close,non-controversial,ObservingMethod,Legacy entry names an instrument or instrument type; proposed mapping expresses the measurement principle instead.
Atmosphere,252,Lithium chloride (LiCl),http://codes.wmo.int/wmdr/ObservingMethodAtmosphere/252,,rename,lithiumChlorideHygrometry,Lithium-chloride hygrometry,close,discussion needed,ObservingMethod,Legacy entry names an instrument or instrument type; proposed mapping expresses the measurement principle instead.
Atmosphere,253,Hair hygrometer-hygrograph,http://codes.wmo.int/wmdr/ObservingMethodAtmosphere/253,,rename,hairHygrometry,Hair hygrometry,close,non-controversial,ObservingMethod,Legacy entry names an instrument or instrument type; proposed mapping expresses the measurement principle instead.
Atmosphere,254,Hygrometer [general],http://codes.wmo.int/wmdr/ObservingMethodAtmosphere/254,,rename,hygrometry,Hygrometry,close,discussion needed,ObservingMethod,Legacy entry names an instrument or instrument type; proposed mapping expresses the measurement principle instead.
Atmosphere,255,IR absorption hygrometer,http://codes.wmo.int/wmdr/ObservingMethodAtmosphere/255,,rename,infraredAbsorptionHygrometry,Infrared-absorption hygrometry,close,non-controversial,ObservingMethod,Legacy entry names an instrument or instrument type; proposed mapping expresses the measurement principle instead.
Atmosphere,256,Optical hygrometer,http://codes.wmo.int/wmdr/ObservingMethodAtmosphere/256,,rename,opticalHygrometry,Optical hygrometry,close,discussion needed,ObservingMethod,Legacy entry names an instrument or instrument type; proposed mapping expresses the measurement principle instead.
Atmosphere,257,UV fluorescence-based hygrometer (Lyman-α),http://codes.wmo.int/wmdr/ObservingMethodAtmosphere/257,Detection of UV fluorescence signal emitted by the excited OH radical produced from H2O after dissociation using UV light.,rename,lymanAlphaFluorescenceHygrometry,Lyman-alpha fluorescence hygrometry,close,discussion needed,ObservingMethod,Spell out the physical principle; Lyman-alpha is retained as the established spectral designation.
Atmosphere,263,Bimetallic actinograph,http://codes.wmo.int/wmdr/ObservingMethodAtmosphere/263,,rename,bimetallicActinography,Bimetallic actinography,close,discussion needed,ObservingMethod,Legacy entry names an instrument or instrument type; proposed mapping expresses the measurement principle instead.
Atmosphere,264,"Pyrheliometer (direct solar, broadband)",http://codes.wmo.int/wmdr/ObservingMethodAtmosphere/264,,rename,directSolarRadiometry,Direct-solar radiometry,close,non-controversial,ObservingMethod,Legacy entry names an instrument or instrument type; proposed mapping expresses the measurement principle instead.
Atmosphere,266,"Pyranometer (global solar, broadband)",http://codes.wmo.int/wmdr/ObservingMethodAtmosphere/266,,rename,globalSolarRadiometry,Global-solar radiometry,close,non-controversial,ObservingMethod,Legacy entry names an instrument or instrument type; proposed mapping expresses the measurement principle instead.
Atmosphere,267,Spectral pyranometer,http://codes.wmo.int/wmdr/ObservingMethodAtmosphere/267,,rename,spectralSolarRadiometry,Spectral-solar radiometry,close,non-controversial,ObservingMethod,Legacy entry names an instrument or instrument type; proposed mapping expresses the measurement principle instead.
Atmosphere,268,UV-vis spectrometry-radiometry,http://codes.wmo.int/wmdr/ObservingMethodAtmosphere/268,,rename,ultravioletVisibleSpectroradiometry,Ultraviolet-visible spectroradiometry,exact,non-controversial,ObservingMethod,Normalize and spell out the spectral range.
Atmosphere,271,Colorimetry (ANSA),http://codes.wmo.int/wmdr/ObservingMethodAtmosphere/271,,rename,colorimetryANSA,ANSA colorimetry,exact,discussion needed,ObservingMethod,Retain the established reagent/method acronym in uppercase pending expansion review.
Atmosphere,272,Colorimetry (Griess),http://codes.wmo.int/wmdr/ObservingMethodAtmosphere/272,,rename,griessColorimetry,Griess colorimetry,exact,non-controversial,ObservingMethod,Method-oriented wording.
Atmosphere,273,"Colorimetry (indophenol, Bertholet)",http://codes.wmo.int/wmdr/ObservingMethodAtmosphere/273,,rename,indophenolBerthelotColorimetry,Indophenol (Berthelot) colorimetry,exact,non-controversial,ObservingMethod,Normalize spelling of the established Berthelot method.
Atmosphere,274,Colorimetry (mercury thiocyanate+iron alum),http://codes.wmo.int/wmdr/ObservingMethodAtmosphere/274,,rename,mercuryThiocyanateColorimetry,Mercury-thiocyanate colorimetry,close,non-controversial,ObservingMethod,Short method-oriented notation; iron-alum reagent detail can remain in definition.
Atmosphere,275,Colorimetry (NEDA),http://codes.wmo.int/wmdr/ObservingMethodAtmosphere/275,,rename,colorimetryNEDA,NEDA colorimetry,exact,discussion needed,ObservingMethod,Retain the established reagent acronym in uppercase pending expansion review.
Atmosphere,276,"Colorimetry (Nessler, K2HgI4)",http://codes.wmo.int/wmdr/ObservingMethodAtmosphere/276,,rename,nesslerColorimetry,Nessler colorimetry,exact,non-controversial,ObservingMethod,"Chemical formula belongs in the definition, not the notation."
Atmosphere,277,Colorimetry (sodium salicylate method for nitrate),http://codes.wmo.int/wmdr/ObservingMethodAtmosphere/277,,rename,sodiumSalicylateColorimetry,Sodium-salicylate colorimetry,exact,non-controversial,ObservingMethod,Method-oriented wording.
Atmosphere,278,Colorimetry [general],http://codes.wmo.int/wmdr/ObservingMethodAtmosphere/278,,rename,colorimetry,Colorimetry,exact,non-controversial,ObservingMethod,Remove '[general]' qualifier.
Atmosphere,290,Chemiluminescence (CL) [general],http://codes.wmo.int/wmdr/ObservingMethodAtmosphere/290,,rename,chemiluminescenceDetection,Chemiluminescence detection,exact,non-controversial,ObservingMethod,Remove '[general]' qualifier and use method noun.
Atmosphere,294,Fluorescence [general],http://codes.wmo.int/wmdr/ObservingMethodAtmosphere/294,,rename,fluorescenceMeasurement,Fluorescence measurement,exact,non-controversial,ObservingMethod,Remove '[general]' qualifier.
Atmosphere,295,UV fluorescence,http://codes.wmo.int/wmdr/ObservingMethodAtmosphere/295,,rename,ultravioletFluorescence,Ultraviolet fluorescence,exact,non-controversial,ObservingMethod,Spell out UV.
Atmosphere,296,Vacuum UV fluorescence,http://codes.wmo.int/wmdr/ObservingMethodAtmosphere/296,,rename,vacuumUltravioletFluorescence,Vacuum-ultraviolet fluorescence,exact,non-controversial,ObservingMethod,Spell out UV.
Atmosphere,297,Gas Chromatography (GC) [general],http://codes.wmo.int/wmdr/ObservingMethodAtmosphere/297,,rename,gasChromatography,Gas chromatography,exact,non-controversial,ObservingMethod,Spell out GC and remove '[general]'.
Atmosphere,298,GC-ECD,http://codes.wmo.int/wmdr/ObservingMethodAtmosphere/298,,rename,gasChromatographyElectronCaptureDetection,Gas chromatography with electron-capture detection,exact,non-controversial,ObservingMethod,Spell out the detector acronym.
Atmosphere,299,GC-ECD-FID,http://codes.wmo.int/wmdr/ObservingMethodAtmosphere/299,,rename,gasChromatographyElectronCaptureFlameIonization,Gas chromatography with electron-capture and flame-ionization detection,exact,non-controversial,ObservingMethod,Spell out detector acronyms while keeping notation within the proposed length limit.
Atmosphere,300,GC-ECD-MS,http://codes.wmo.int/wmdr/ObservingMethodAtmosphere/300,,rename,gasChromatographyElectronCaptureMassSpectrometry,Gas chromatography with electron-capture detection and mass spectrometry,exact,discussion needed,ObservingMethod,Spell out the legacy acronym chain; confirm whether electron capture denotes detector or ionization mode.
Atmosphere,301,GC-FID,http://codes.wmo.int/wmdr/ObservingMethodAtmosphere/301,,rename,gasChromatographyFlameIonizationDetection,Gas chromatography with flame-ionization detection,exact,non-controversial,ObservingMethod,Spell out detector acronym.
Atmosphere,302,GC-HgO reduction-UV absorption,http://codes.wmo.int/wmdr/ObservingMethodAtmosphere/302,,rename,gasChromatographyHgOReductionUltravioletAbsorption,Gas chromatography with HgO reduction and ultraviolet absorption,exact,discussion needed,ObservingMethod,Retain HgO as a chemical formula; spell out the spectral detection method.
Atmosphere,303,GC-MS,http://codes.wmo.int/wmdr/ObservingMethodAtmosphere/303,,rename,gasChromatographyMassSpectrometry,Gas chromatography–mass spectrometry,exact,non-controversial,ObservingMethod,Spell out GC-MS.
Atmosphere,305,Cavity ring-down spectroscopy (CRDS),http://codes.wmo.int/wmdr/ObservingMethodAtmosphere/305,,rename,cavityRingDownSpectroscopy,Cavity ring-down spectroscopy,exact,non-controversial,ObservingMethod,Spell out CRDS.
Atmosphere,306,Cavity-enhanced absorption spectroscopy (CEAS),http://codes.wmo.int/wmdr/ObservingMethodAtmosphere/306,,rename,cavityEnhancedAbsorptionSpectroscopy,Cavity-enhanced absorption spectroscopy,exact,non-controversial,ObservingMethod,Spell out CEAS.
Atmosphere,307,Integrated cavity output spectroscopy (ICOS),http://codes.wmo.int/wmdr/ObservingMethodAtmosphere/307,,rename,integratedCavityOutputSpectroscopy,Integrated-cavity-output spectroscopy,exact,non-controversial,ObservingMethod,Spell out ICOS.
Atmosphere,308,Laser induced fluorescence (LIF),http://codes.wmo.int/wmdr/ObservingMethodAtmosphere/308,,rename,laserInducedFluorescence,Laser-induced fluorescence,exact,non-controversial,ObservingMethod,Spell out LIF.
Atmosphere,309,Laser photoacoustic spectroscopy (LPAS),http://codes.wmo.int/wmdr/ObservingMethodAtmosphere/309,,rename,laserPhotoacousticSpectroscopy,Laser photoacoustic spectroscopy,exact,non-controversial,ObservingMethod,Spell out LPAS.
Atmosphere,310,Laser spectroscopy [general],http://codes.wmo.int/wmdr/ObservingMethodAtmosphere/310,,rename,laserSpectroscopy,Laser spectroscopy,exact,non-controversial,ObservingMethod,Remove '[general]' qualifier.
Atmosphere,311,Quantum cascade laser (QCL) spectroscopy,http://codes.wmo.int/wmdr/ObservingMethodAtmosphere/311,,rename,quantumCascadeLaserSpectroscopy,Quantum-cascade-laser spectroscopy,exact,non-controversial,ObservingMethod,Spell out QCL.
Atmosphere,312,Chemical ionization MS (CIMS) with matrix isolation,http://codes.wmo.int/wmdr/ObservingMethodAtmosphere/312,,rename,chemicalIonizationMassSpectrometryMatrixIsolation,Chemical-ionization mass spectrometry with matrix isolation,exact,non-controversial,ObservingMethod,Spell out CIMS.
Atmosphere,313,Proton transfer reaction mass spectrometry (PTR-MS),http://codes.wmo.int/wmdr/ObservingMethodAtmosphere/313,,rename,protonTransferReactionMassSpectrometry,Proton-transfer-reaction mass spectrometry,exact,non-controversial,ObservingMethod,Spell out PTR-MS.
Atmosphere,314,IR spectrometry-radiometry [general],http://codes.wmo.int/wmdr/ObservingMethodAtmosphere/314,,rename,infraredSpectroradiometry,Infrared spectroradiometry,close,discussion needed,ObservingMethod,Normalize 'spectrometry-radiometry' into the established method term spectroradiometry.
Atmosphere,315,Light absorption photometry,http://codes.wmo.int/wmdr/ObservingMethodAtmosphere/315,,rename,lightAbsorptionPhotometry,Light-absorption photometry,exact,non-controversial,ObservingMethod,Method already principle-oriented.
Atmosphere,316,Long path absorption photometry (LOPAP),http://codes.wmo.int/wmdr/ObservingMethodAtmosphere/316,,rename,longPathAbsorptionPhotometry,Long-path absorption photometry,exact,non-controversial,ObservingMethod,Spell out the method; omit LOPAP from the notation.
Atmosphere,317,Non-dispersive IR (NDIR) absorption,http://codes.wmo.int/wmdr/ObservingMethodAtmosphere/317,,rename,nonDispersiveInfraredAbsorption,Non-dispersive infrared absorption,exact,non-controversial,ObservingMethod,Spell out NDIR.
Atmosphere,318,Non-dispersive UV (NDUV),http://codes.wmo.int/wmdr/ObservingMethodAtmosphere/318,,rename,nonDispersiveUltravioletAbsorption,Non-dispersive ultraviolet absorption,exact,non-controversial,ObservingMethod,Spell out NDUV.
Atmosphere,319,UV absorption spectrometry-radiometry,http://codes.wmo.int/wmdr/ObservingMethodAtmosphere/319,,rename,ultravioletAbsorptionSpectroradiometry,Ultraviolet-absorption spectroradiometry,close,non-controversial,ObservingMethod,Normalize and spell out UV.
Atmosphere,320,Integrated path differential absorption (IPDA) lidar,http://codes.wmo.int/wmdr/ObservingMethodAtmosphere/320,"Light detection and ranging (lidar) with integrated path differential absorption (IPDA) capability, typically used for column measurements of CH4 and CO2.",rename,integratedPathDifferentialAbsorptionLidar,Integrated-path differential-absorption lidar,exact,non-controversial,ObservingMethod,Spell out IPDA.
Atmosphere,322,Fourier-transform IR spectroscopy (FTIR),http://codes.wmo.int/wmdr/ObservingMethodAtmosphere/322,,rename,fourierTransformInfraredSpectroscopy,Fourier-transform infrared spectroscopy,exact,non-controversial,ObservingMethod,Spell out FTIR.
Atmosphere,327,Radiosonde with NAVAID,http://codes.wmo.int/wmdr/ObservingMethodAtmosphere/327,,rename,navigationAidRadiosondeTracking,Navigation-aid radiosonde tracking,close,discussion needed,ObservingMethod,Tracking method retained; NAVAID is generalized rather than used as a notation acronym.
Atmosphere,328,Radiosonde with radar tracking,http://codes.wmo.int/wmdr/ObservingMethodAtmosphere/328,,rename,radarRadiosondeTracking,Radar radiosonde tracking,exact,non-controversial,ObservingMethod,Method-oriented wording.
Atmosphere,329,Radiosonde with radiotheodolite tracking,http://codes.wmo.int/wmdr/ObservingMethodAtmosphere/329,,rename,radiotheodoliteRadiosondeTracking,Radiotheodolite radiosonde tracking,exact,non-controversial,ObservingMethod,Method-oriented wording.
Atmosphere,330,Radiosonde with composite method tracking,http://codes.wmo.int/wmdr/ObservingMethodAtmosphere/330,,rename,compositeRadiosondeTracking,Composite radiosonde tracking,exact,discussion needed,ObservingMethod,Generic composite method remains underspecified; retain only if operationally needed.
Atmosphere,332,Pilot balloon with optical tracking),http://codes.wmo.int/wmdr/ObservingMethodAtmosphere/332,,rename,opticalPilotBalloonTracking,Optical pilot-balloon tracking,exact,non-controversial,ObservingMethod,Fix stray parenthesis and use method-oriented wording.
Atmosphere,335,Differential absorption lidar (DIAL),http://codes.wmo.int/wmdr/ObservingMethodAtmosphere/335,"Light detection and ranging (lidar) with differential absorption lidar (DIAL) capability, typically used for trace gas measurements, most notably ozone and water vapor. This technique can be extended to molecules which have suitably defined differential absorption characteristics.",rename,differentialAbsorptionLidar,Differential-absorption lidar,exact,non-controversial,ObservingMethod,Spell out DIAL in notation.
Atmosphere,338,Tunable diode lase spectroscopy (TDLS),http://codes.wmo.int/wmdr/ObservingMethodAtmosphere/338,Tunable diode lase spectroscopy (TDLS),rename,tunableDiodeLaserSpectroscopy,Tunable-diode-laser spectroscopy,exact,non-controversial,ObservingMethod,Correct apparent typo 'lase' and spell out TDLS.
Atmosphere,339,UV spectroradiometry,http://codes.wmo.int/wmdr/ObservingMethodAtmosphere/339,,rename,ultravioletSpectroradiometry,Ultraviolet spectroradiometry,exact,non-controversial,ObservingMethod,Spell out UV.
Atmosphere,340,Wet-bulb thermometer,http://codes.wmo.int/wmdr/ObservingMethodAtmosphere/340,"A thermometer having a bulb that is kept moistened when humidity determinations are being made with a psychrometer. The wet-bulb temperature is the temperature a parcel of air would have if it were cooled to saturation (100% relative humidity) by the evaporation of water into it, with the latent heat being supplied by the parcel.",rename,psychrometry,Psychrometry,close,discussion needed,ObservingMethod,Wet-bulb thermometry is normally used with a dry-bulb temperature as the psychrometric humidity method.
Atmosphere,341,Backscatter lidar,http://codes.wmo.int/wmdr/ObservingMethodAtmosphere/341,"Elastic backscatter light detection and ranging (lidar) typically used for measurements of cloud and aerosol particle phase optical properties (e.g., extinction and backscatter coefficient), altimetry, ocean optical properties, and mixed layer height.",rename,backscatterLidar,Backscatter lidar,exact,non-controversial,ObservingMethod,Normalize notation.
Atmosphere,342,High spectral resolution (HSR) lidar,http://codes.wmo.int/wmdr/ObservingMethodAtmosphere/342,"Light detection and ranging (lidar) with high spectral resolution capability, typically used for measurements of cloud and aerosol particle phase properties, ocean properties, and mixed layer height.",rename,highSpectralResolutionLidar,High-spectral-resolution lidar,exact,non-controversial,ObservingMethod,Spell out HSR.
Atmosphere,343,Polarized lidar,http://codes.wmo.int/wmdr/ObservingMethodAtmosphere/343,"Light detection and ranging (lidar) capable of determining the linear or circular depolarization ratio, typically used to discriminate spherical and non-spherical particles.",rename,polarizedLidar,Polarized lidar,exact,non-controversial,ObservingMethod,Normalize notation.
Atmosphere,347,Tunable Infrared Laser Differential Absorption Spectroscopy (TILDAS),http://codes.wmo.int/wmdr/ObservingMethodAtmosphere/347,Tunable Infrared Laser Differential Absorption Spectroscopy (TILDAS).,rename,TILDAS,Tunable infrared laser differential-absorption spectroscopy (TILDAS),exact,discussion needed,ObservingMethod,Spelling the full method in the notation would exceed the proposed soft length limit; retain the established acronym in uppercase.
Atmosphere,348,Radionuclide decay counting [general],http://codes.wmo.int/wmdr/ObservingMethodAtmosphere/348,Determination of the counts measured per unit time as a result of radionuclide decay.,rename,radionuclideDecayCounting,Radionuclide decay counting,exact,non-controversial,ObservingMethod,Remove '[general]' qualifier.
Atmosphere,349,IR-GFC,http://codes.wmo.int/wmdr/ObservingMethodAtmosphere/349,"Infrared absorption measurement based on the gas-filter correlation technique, a specifique variant of NDIR.",rename,gasFilterCorrelationInfraredAbsorption,Gas-filter-correlation infrared absorption,exact,non-controversial,ObservingMethod,Spell out IR-GFC.
Atmosphere,415,Campbell-Stokes burn method,http://codes.wmo.int/wmdr/ObservingMethodAtmosphere/415,Sunshine duration is determined by evaluating the burnt areas imprinted by the sun in a strip of carton or aluminum foil placed behind a glass sphere.,rename,campbellStokesBurnMethod,Campbell–Stokes burn method,exact,discussion needed,ObservingMethod,Established eponymic method; consider whether sunshine-duration recorder type belongs in instrument metadata.
Atmosphere,416,Contrast-evaluating and scanning devices,http://codes.wmo.int/wmdr/ObservingMethodAtmosphere/416,Sunshine duration is determined by combining multi-sensor detectors with an electronic discriminator.,rename,contrastEvaluationAndScanning,Contrast evaluation and scanning,close,discussion needed,ObservingMethod,Legacy label describes devices; proposed wording expresses the analysis operation.
Ocean,403,Electrical resistivity,http://codes.wmo.int/wmdr/ObservingMethodOcean/403,Measurement derived from the measurement of electrical resistivity.,rename,electricalResistivityMeasurement,Electrical resistivity measurement,exact,non-controversial,ObservingMethod,Method-oriented wording.
Ocean,405,Inductivity,http://codes.wmo.int/wmdr/ObservingMethodOcean/405,Measurement derived from the measurement of magnetic inductance.,rename,inductiveConductivityMeasurement,Inductive conductivity measurement,close,discussion needed,ObservingMethod,The legacy term 'inductivity' describes inductive/electromagnetic conductivity sensing; terminology should be confirmed.
Ocean,407,HF echo Doppler spectra analysis method (HR radar),http://codes.wmo.int/wmdr/ObservingMethodOcean/407,Remote sensing of surface currents employing radars frequencies.,rename,highFrequencyRadarDopplerSpectralAnalysis,High-frequency-radar Doppler spectral analysis,exact,non-controversial,ObservingMethod,Spell out HF and normalize the method label.
Ocean,408,GPS fixes sequence comparison,http://codes.wmo.int/wmdr/ObservingMethodOcean/408,Measurement derived from the difference between two successives GPS positions.,rename,satelliteNavigationPositionDifferencing,Satellite-navigation position differencing,close,discussion needed,ObservingMethod,Generalize the GPS-specific implementation to the underlying satellite-navigation position-difference method.
Ocean,409,Clark electrode polarographic method,http://codes.wmo.int/wmdr/ObservingMethodOcean/409,The dissolved oxygen concentration by counting the number of oxygen molecules per second (flux) that diffuse through the membrane from the ocean environment to the working electrode.,rename,membranePolarographicOxygenMeasurement,Membrane-polarographic oxygen measurement,close,discussion needed,ObservingMethod,Express the electrochemical principle rather than the Clark-electrode instrument name.
Ocean,410,Oxygen luminescence quenching method,http://codes.wmo.int/wmdr/ObservingMethodOcean/410,The fluorescent indicator is a special complex embedded in a gas permeable sensing foil that is exposed to the surrounding water. The sensing foil is excited by modulated light; the sensor measures the phase of the returned light.,rename,oxygenLuminescenceQuenching,Oxygen luminescence quenching,exact,non-controversial,ObservingMethod,Method-oriented wording.
Ocean,412,Radiometry,http://codes.wmo.int/wmdr/ObservingMethodOcean/412,Measurement of the number of photon reaching a surface using a photodiode.,rename,radiometry,Radiometry,exact,non-controversial,ObservingMethod,Generic method retained as a parent/general concept.
Terrestrial,126,Gravimetric moisture determination,http://codes.wmo.int/wmdr/ObservingMethodTerrestrial/126,Measurement of the amount of water in soil by weighing a sample before and after drying it in an oven at a temperature of 100-110 degrees Celsius. [Based on 'gravimetric method' in International Glossary of Hydrology (WMO-No. 385). 2012 edition.],rename,gravimetricMoistureDetermination,Gravimetric moisture determination,exact,non-controversial,ObservingMethod,Method already well defined.
Terrestrial,128,Soil heat flux plate,http://codes.wmo.int/wmdr/ObservingMethodTerrestrial/128,,rename,conductiveHeatFluxMeasurement,Conductive heat-flux measurement,close,discussion needed,ObservingMethod,Legacy entry names an instrument or instrument type; proposed mapping expresses the measurement principle instead.
Terrestrial,159,Neutron probe,http://codes.wmo.int/wmdr/ObservingMethodTerrestrial/159,Measurement of the moisture content and hence the porosity of a geological formation by means of lowering a tool containing a radioactive element emitting neutrons and a neutron detector into a borehole. [Based on 'neutron logging' in International Glossary of Hydrology (WMO-No. 385). 2012 edition.],rename,neutronModerationMoistureMeasurement,Neutron-moderation moisture measurement,close,discussion needed,ObservingMethod,Legacy entry names an instrument or instrument type; proposed mapping expresses the measurement principle instead.
Terrestrial,187,Electrical resistance blocks (Porous blocks),http://codes.wmo.int/wmdr/ObservingMethodTerrestrial/187,"Determination of electrical resistance between two electrodes embedded in blocks of a porous material buried in the ground and in equilibrium with the surrounding moist soil. [Based on 'porous blocks/electrical resistance blocks' in Guide to Hydrological Practices (WMO-No. 168), Volume II. 2009 edition.]",rename,resistanceBasedMoistureMeasurement,Resistance-based moisture measurement,close,discussion needed,ObservingMethod,Legacy entry names an instrument or instrument type; proposed mapping expresses the measurement principle instead.
Terrestrial,194,Soil thermometer,http://codes.wmo.int/wmdr/ObservingMethodTerrestrial/194,,rename,thermometry,Thermometry,broad,discussion needed,ObservingMethod,"Soil is the observed matrix/deployment context, while 'soil thermometer' does not identify a sensing principle."
Terrestrial,200,Tensiometer,http://codes.wmo.int/wmdr/ObservingMethodTerrestrial/200,"Measurement of soil capillary tension by means of a porous cup, inserted in the soil, connected to a manometer by a water-filled tube. [Based on 'tensiometer' in International Glossary of Hydrology (WMO-No. 385). 2012 edition.]",rename,tensiometricSoilWaterPotentialMeasurement,Tensiometric soil-water-potential measurement,close,discussion needed,ObservingMethod,Legacy entry names an instrument or instrument type; proposed mapping expresses the measurement principle instead.
Terrestrial,203,Time domain reflectometry (TDR),http://codes.wmo.int/wmdr/ObservingMethodTerrestrial/203,Estimation of water content in unsaturated materials based on variations in their dielectric properties. [International Glossary of Hydrology (WMO-No. 385). 2012 edition.],rename,timeDomainReflectometry,Time-domain reflectometry,exact,non-controversial,ObservingMethod,Spell out TDR in the notation.
Terrestrial,260,Ultrasonic ranging,http://codes.wmo.int/wmdr/ObservingMethodTerrestrial/260,Transmission of an ultrasonic pulse towards the target and listening for a return echo from that target.,rename,ultrasonicRanging,Ultrasonic ranging,exact,non-controversial,ObservingMethod,Method already principle-oriented.
Terrestrial,261,Graduated device,http://codes.wmo.int/wmdr/ObservingMethodTerrestrial/261,"Manual measurement or observation made with a graduated fixed stake, a sturdy ruler, or an extendable graduated rod.",rename,graduatedScaleMeasurement,Graduated-scale measurement,close,discussion needed,ObservingMethod,Legacy entry names an instrument or instrument type; proposed mapping expresses the measurement principle instead.
Terrestrial,262,Snow pillows and snow scales,http://codes.wmo.int/wmdr/ObservingMethodTerrestrial/262,Weighing of snow-cover mass per unit area.,rename,gravimetricSnowWaterEquivalentMeasurement,Gravimetric snow-water-equivalent measurement,close,discussion needed,ObservingMethod,Snow pillows/scales are instruments that infer snow mass per area by weighing.
Terrestrial,344,Laser ranging,http://codes.wmo.int/wmdr/ObservingMethodTerrestrial/344,Emission of a modulated beam of light in the visible spectrum to determine the distance to a target by comparing the phase information from the reflected beam.,rename,laserRanging,Laser ranging,exact,non-controversial,ObservingMethod,Method already principle-oriented.
Terrestrial,345,Echo sounding,http://codes.wmo.int/wmdr/ObservingMethodTerrestrial/345,"Evaluation of the return time of acoustic waves emitted into a medium to determine the distance between source and target. This method is used in hydrology, for example, to determine the depth of a water body. [Based on 'echo sounder' in International Glossary of Hydrology (WMO-No. 385). 2012 edition.]",rename,echoSounding,Echo sounding,exact,non-controversial,ObservingMethod,Method already principle-oriented.
Terrestrial,351,Wire-weight gauge,http://codes.wmo.int/wmdr/ObservingMethodTerrestrial/351,Determination of water stage by means of a fine cable or wire attached to a weight which is lowered to the water surface in order to determine its position below a fixed above-surface point. [Based on 'wire weight gauge' in International Glossary of Hydrology (WMO-No. 385). 2012 edition.],rename,wireWeightWaterLevelMeasurement,Wire-weight water-level measurement,close,discussion needed,ObservingMethod,Legacy entry names an instrument or instrument type; proposed mapping expresses the measurement principle instead.
Terrestrial,352,Point gauge,http://codes.wmo.int/wmdr/ObservingMethodTerrestrial/352,"Level measurement gauge, the essential element of which is a pointed rod that is lowered until it touches the water surface. [International Glossary of Hydrology (WMO-No. 385). 2012 edition.]",rename,pointGaugeWaterLevelMeasurement,Point-gauge water-level measurement,close,discussion needed,ObservingMethod,Legacy entry names an instrument or instrument type; proposed mapping expresses the measurement principle instead.
Terrestrial,353,Maximum-stage gauge,http://codes.wmo.int/wmdr/ObservingMethodTerrestrial/353,"Determination of the elevation of the flood crest by the adherence of regranulated cork to a graduated staff held in a fixed position with relation to the datum. [Based on 'maximum-stage gauge' in Guide to Hydrological Practices (WMO-No. 168), Volume I. 2008 edition, updated in 2020.]",rename,maximumStageMarkMeasurement,Maximum-stage mark measurement,close,discussion needed,ObservingMethod,Legacy entry names an instrument or instrument type; proposed mapping expresses the measurement principle instead.
Terrestrial,355,Wire-float recording gauge (hydrograph),http://codes.wmo.int/wmdr/ObservingMethodTerrestrial/355,Determination of water stage by means of a gauge consisting of a float which rises and falls with changes in the water level; this movement being transmitted to a recording or indicating device. [Based on 'float gauge' in International Glossary of Hydrology (WMO-No. 385). 2012 edition.],rename,floatWaterLevelMeasurement,Float water-level measurement,close,non-controversial,ObservingMethod,Legacy entry names an instrument or instrument type; proposed mapping expresses the measurement principle instead.
Terrestrial,356,Pressure-actuated recording gauge,http://codes.wmo.int/wmdr/ObservingMethodTerrestrial/356,"Recording gauge operating on the principle that static pressure at a fixed point in the stream is directly proportional to the head of liquid above the point, i.e. the water level is proportional to the pressure difference between a fixed spot in the water column and the atmospheric pressure. [Based on 'Recording gauges' in Guide to Hydrological Practices (WMO-No. 168), Volume I. 2008 edition, updated in 2020.]",rename,hydrostaticPressureWaterLevelMeasurement,Hydrostatic-pressure water-level measurement,close,non-controversial,ObservingMethod,Legacy entry names an instrument or instrument type; proposed mapping expresses the measurement principle instead.
Terrestrial,357,Velocity-area method,http://codes.wmo.int/wmdr/ObservingMethodTerrestrial/357,"Method of determining the discharge of a stream by measuring the width, velocity, and depth of the flowing water at a number of elemental areas, over the cross-section, and summing the products. [Based on 'velocity-area method' in International Glossary of Hydrology (WMO-No. 385). 2012 edition.]",rename,velocityAreaMethod,Velocity-area method,exact,non-controversial,ObservingMethod,Established hydrometric method.
Terrestrial,358,Float gauging,http://codes.wmo.int/wmdr/ObservingMethodTerrestrial/358,Measurement of the velocity of a stream by means of timing the downstream transit of a float or velocity rod. [International Glossary of Hydrology (WMO-No. 385). 2012 edition.],rename,floatGauging,Float gauging,exact,non-controversial,ObservingMethod,Established hydrometric method.
Terrestrial,359,Dilution gauging,http://codes.wmo.int/wmdr/ObservingMethodTerrestrial/359,"Determination of the discharge of a stream by measuring the degree of dilution, caused by the flowing water, of an added tracer solution. Synonyms: chemical gauging, tracer dilution gauging. [Based on 'dilution gauging' in International Glossary of Hydrology (WMO-No. 385). 2012 edition.]",rename,dilutionGauging,Dilution gauging,exact,non-controversial,ObservingMethod,Established hydrometric method.
Terrestrial,360,Slope-area method,http://codes.wmo.int/wmdr/ObservingMethodTerrestrial/360,"Determination of the discharge in a reach which is based on the surface slope, the reach roughness, the wetted perimeters and the flow areas of the various wetted cross-sections in the reach. [Based on 'slope-area method' in International Glossary of Hydrology (WMO-No. 385). 2012 edition.]",rename,slopeAreaMethod,Slope-area method,exact,non-controversial,ObservingMethod,Established hydrometric method.
Terrestrial,361,Measuring weir,http://codes.wmo.int/wmdr/ObservingMethodTerrestrial/361,Determination of the discharge of a stream by means of a device or structure across the stream which causes a free or submerged fall. [Based on 'measuring weir' in International Glossary of Hydrology (WMO-No. 385). 2012 edition.],rename,weirDischargeMeasurement,Weir discharge measurement,close,discussion needed,ObservingMethod,Retain the established hydraulic method while using method-oriented wording.
Terrestrial,362,Flume,http://codes.wmo.int/wmdr/ObservingMethodTerrestrial/362,Determination of the discharge of a stream by means of a man-made channel with clearly specified shape and dimensions. [Based on 'flume' in International Glossary of Hydrology (WMO-No. 385). 2012 edition.],rename,flumeDischargeMeasurement,Flume discharge measurement,close,discussion needed,ObservingMethod,Retain the established hydraulic method while using method-oriented wording.
Terrestrial,363,Stage-discharge relation,http://codes.wmo.int/wmdr/ObservingMethodTerrestrial/363,"Determination of the discharge of a stream by means of a relationship between water level and discharge for a given cross-section, which may be expressed as a curve, a table or an equation. [Based on 'stage-discharge relation' in International Glossary of Hydrology (WMO-No. 385). 2012 edition.]",rename,stageDischargeRelation,Stage-discharge relation,exact,non-controversial,ObservingMethod,Established hydrometric method.
Terrestrial,364,Water current meter,http://codes.wmo.int/wmdr/ObservingMethodTerrestrial/364,"Determination of water velocity by means of a current meter, for example, an instrument for measuring water velocity. Synonym: flowmeter. [Based on 'current meter' in International Glossary of Hydrology (WMO-No. 385). 2012 edition.]",rename,currentVelocimetry,Current velocimetry,close,discussion needed,ObservingMethod,Generic current-meter instrument class provides only a broad velocity-measurement method.
Terrestrial,368,Acoustic doppler current profiler (ADCP),http://codes.wmo.int/wmdr/ObservingMethodTerrestrial/368,"An instrument that uses an acoustic doppler transducer to measure water velocity, depth and vessel path simultaneously and at various depths to compute discharge. The total discharge is computed from the profile information using matrix multiplication. [Based on 'Acoustic Doppler Current Profilers' in Guide to Hydrological Practices (WMO-No. 168), Volume I. 2008 edition, updated in 2020.]",rename,acousticDopplerVelocityProfiling,Acoustic-Doppler velocity profiling,close,discussion needed,ObservingMethod,Legacy entry names an instrument or instrument type; proposed mapping expresses the measurement principle instead.
Terrestrial,371,Gravimetric sediment measurement,http://codes.wmo.int/wmdr/ObservingMethodTerrestrial/371,"Estimation of the total sediment in a water sample by allowing the sediment to settle in a container, siphoning off the supernatant water, carefully transferring all the sediment from the container on to filter paper, then drying the sample and determining the mass of total sediment. [Based on 'gravimetric method' in International Glossary of Hydrology (WMO-No. 385). 2012 edition.]",rename,gravimetricSedimentMeasurement,Gravimetric sediment measurement,exact,non-controversial,ObservingMethod,Method already well defined.
Terrestrial,372,Displacement method of sediments,http://codes.wmo.int/wmdr/ObservingMethodTerrestrial/372,Determination of sediment concentration by the measurement of the difference in weight between a sample of sediment-laden water and an equal volume of clear water at the same temperature. [Based on 'displacement method' in Manual on Sediment Management and Measurement (WMO-No. 948). 2003.],rename,sedimentDisplacementMeasurement,Sediment displacement measurement,exact,non-controversial,ObservingMethod,Method-oriented wording.
Terrestrial,373,Water discharge-sediment discharge rating curve,http://codes.wmo.int/wmdr/ObservingMethodTerrestrial/373,"An empirical relationship relating sediment discharge and streamflow based on correlation analysis of sediment samples and concurrent flow estimates and presented as a curve, table, or equation. [Based on 'sediment rating curve' in Guide to Hydrological Practices (WMO-No. 168), Volume I. 2008 edition, updated in 2020.]",rename,sedimentDischargeRatingRelation,Sediment-discharge rating relation,exact,non-controversial,ObservingMethod,Shorten without changing semantics.
Terrestrial,374,Water discharge-bed material rating curve,http://codes.wmo.int/wmdr/ObservingMethodTerrestrial/374,"An empirical relationship relating bed-material discharge and streamflow based on correlation analysis of sediment samples and concurrent flow estimates and presented as a curve, table, or equation. [Based on 'sediment rating curve' in Guide to Hydrological Practices (WMO-No. 168), Volume I. 2008 edition, updated in 2020.]",rename,bedMaterialDischargeRatingRelation,Bed-material-discharge rating relation,exact,non-controversial,ObservingMethod,Shorten without changing semantics.
Terrestrial,376,Electromagnetic current meter,http://codes.wmo.int/wmdr/ObservingMethodTerrestrial/376,"Determination of water velocity based on the principle that a conductor (water) moving through a magnetic field will produce an electrical current directly proportional to the speed of movement (Faraday‚Äôs law). By measuring this current and the resultant distortion in the magnetic field the instrument can be calibrated to determine point velocities of flowing water. [Based on Manual on Stream Gauging (WMO-No. 1044), Volume I. 2010]",rename,electromagneticVelocimetry,Electromagnetic velocimetry,close,non-controversial,ObservingMethod,Legacy entry names an instrument or instrument type; proposed mapping expresses the measurement principle instead.
Terrestrial,377,Stream index-velocity rating,http://codes.wmo.int/wmdr/ObservingMethodTerrestrial/377,"Computation of stream discharge based on a relation between stream index velocity and average velocity (index-velocity rating) and a relation between stage and cross-sectional area (stage-area rating). Given these ratings and concurrent observations of stream index velocity and stage, average velocity and area are computed and finally discharge as their product. [Based on Manual on Stream Gauging (WMO No. 1044), volume I]",rename,indexVelocityDischargeMethod,Index-velocity discharge method,exact,non-controversial,ObservingMethod,Method-oriented wording.
Terrestrial,379,radar water level gauge,http://codes.wmo.int/wmdr/ObservingMethodTerrestrial/379,"A radar water level gauge transmits microwave energy to measure the distance between the sensor and the water surface.  The time it takes for the energy to reflect off the water surface and return to the radar is used to calculate the distance between the sensor and the water surface.  Water level can then be determined from the elevation of the radar sensor and the sensor's measured distance to the water surface [Based on Skolnik et al, Radar Handbook, 3rd edition, 2008; Fulford et al, Testing and use of radar water level sensors by the U.S. Geological Survey, Manual on sea level: Measurement and interpretation Volume V: Radar gauges, 2016 and Fulford et al, Laboratory and field tests of the Sutron RLR-0003-1 water level sensor: U.S. Geological Survey Open-File Report,  2015].",rename,radarRanging,Radar ranging,close,non-controversial,ObservingMethod,Water level is derived from microwave travel time; the method is radar ranging rather than a gauge type.
Terrestrial,380,radar velocimetry,http://codes.wmo.int/wmdr/ObservingMethodTerrestrial/380,"Radar velocimetry or surface velocity radar (radar sensor) is an active remote sensing method which measures the surface velocity of moving water.  The radar sensor transmits microwave energy of a known frequency at an incidence angle (from nadir) to the water surface, where small-scale surface features such as waves shift the frequency of the microwave energy that is returned to the sensor. The frequency shift is used to compute the surface velocity of the water using the Doppler effect. Note: Because radar sensors measure the velocity at the water surface a transfer function, such as the probability concept, is needed to translate the surface velocity to a mean channel velocity [Based on Chiu, Entropy and probability concepts in hydraulics: J. Hydraul. Eng. 113, 1987; Fulton et al, Near-field remote sensing of surface velocity and river discharge using radars and the probability concept at 10 U.S. Geological Survey Streamgages, Remote Sens. 12, 2020; Fulton e al, Measuring Real-Time Streamflow Using Emerging Technologies: Radar, Hydroacoustics, and the Probability Concept, Journal of Hydrology 357, 2008 and Khan et al, Uncertainty in remote sensing of streams using noncontact radars, Journal of Hydrology 603, 2021].",rename,radarDopplerVelocimetry,Radar-Doppler velocimetry,exact,non-controversial,ObservingMethod,Method-oriented wording.
Terrestrial,381,image velocimetry,http://codes.wmo.int/wmdr/ObservingMethodTerrestrial/381,"The measurement of velocities at the free surface of a moving water body using PIV (Particle Image Velocimetry) or LSPIV (Large Scale Particle Image Velocimetry) operates on the principle of statistical estimation of the displacement of groups of particles in consecutive images. The estimation is most-often made using cross-correlations applied to the spatial distribution of the light intensity defining the patterns (i.e., the pattern image) enclosed in small interrogation areas covering the whole image. The results of image processing is a velocity vector field centered on the interrogation area grid determined by dividing the estimated displacement with the time between images in the pair. Note: Given that LSPIV images cover large areas usually recorded from an oblique angle to the flow surface, an additional step is customarily involved, i.e. image orthorectification [Based on Aberle et al., Experimental Hydraulics: Instrumentation and Measurement Techniques, 2017 and Muste et al., Large-Scale Particle Image Velocimetry for Measurements in Riverine Environments, Special Issue on Hydrologic Measurements, Water Resources Research 44,  2008].",rename,imageVelocimetry,Image velocimetry,exact,non-controversial,ObservingMethod,Method already principle-oriented.
Atmosphere,62,Adsorption - scintillation counting,http://codes.wmo.int/wmdr/ObservingMethodAtmosphere/62,,split,scintillationCounting,Scintillation counting,close,discussion needed,ObservingMethod + SampleTreatment,Adsorption is a collection/treatment step; scintillation counting is the analytical method.
Atmosphere,63,Aerovane (wind vane with propeller),http://codes.wmo.int/wmdr/ObservingMethodAtmosphere/63,,split,propellerVelocityMeasurement|windVaneDirectionMeasurement,Propeller velocity measurement | Wind-vane direction measurement,close,discussion needed,ObservingMethod,Aerovane combines two instrument functions; speed and direction should map to separate method concepts.
Atmosphere,115,Filter sampling + alpha counting,http://codes.wmo.int/wmdr/ObservingMethodAtmosphere/115,,split,alphaCounting,Alpha counting,close,non-controversial,ObservingMethod + SamplingStrategy,Legacy entry combines sampling/treatment and analysis; migrate the components separately.
Atmosphere,116,Filter sampling + gamma spectrometry,http://codes.wmo.int/wmdr/ObservingMethodAtmosphere/116,,split,gammaSpectrometry,Gamma spectrometry,close,non-controversial,ObservingMethod + SamplingStrategy,Legacy entry combines sampling/treatment and analysis; migrate the components separately.
Atmosphere,219,"Filter + beta attenuation (betameter, beta gauge)",http://codes.wmo.int/wmdr/ObservingMethodAtmosphere/219,,split,betaAttenuation,Beta attenuation,close,non-controversial,ObservingMethod + SamplingStrategy,Legacy entry combines sampling/treatment and analysis; migrate the components separately.
Atmosphere,220,Filter + light attenuation (aethalometer),http://codes.wmo.int/wmdr/ObservingMethodAtmosphere/220,,split,lightAttenuationPhotometry,Light-attenuation photometry,close,discussion needed,ObservingMethod + SamplingStrategy,Legacy entry combines sampling/treatment and analysis; migrate the components separately.
Atmosphere,270,Tetrachloromercurate (TCM) absorption - CL,http://codes.wmo.int/wmdr/ObservingMethodAtmosphere/270,,split,chemiluminescenceDetection,Chemiluminescence detection,close,discussion needed,ObservingMethod + SampleTreatment,Legacy entry combines sampling/treatment and analysis; migrate the components separately.
Atmosphere,280,Adsorption tube (charcoal) + elution + GC,http://codes.wmo.int/wmdr/ObservingMethodAtmosphere/280,,split,gasChromatography,Gas chromatography,close,non-controversial,ObservingMethod + SampleTreatment/SamplingStrategy,Legacy entry combines sampling/treatment and analysis; migrate the components separately.
Atmosphere,281,Filter sampling + combustion + IC,http://codes.wmo.int/wmdr/ObservingMethodAtmosphere/281,,split,ionChromatography,Ion chromatography,close,non-controversial,ObservingMethod + SampleTreatment/SamplingStrategy,Legacy entry combines sampling/treatment and analysis; migrate the components separately.
Atmosphere,282,Filter sampling + combustion + other,http://codes.wmo.int/wmdr/ObservingMethodAtmosphere/282,,split,,,,discussion needed,SampleTreatment + ObservingMethod nilReason=unknown,"Sampling and combustion are known, but the analytical method is explicitly unspecified ('other')."
Atmosphere,283,Filter sampling + extraction + IC,http://codes.wmo.int/wmdr/ObservingMethodAtmosphere/283,,split,ionChromatography,Ion chromatography,close,non-controversial,ObservingMethod + SampleTreatment/SamplingStrategy,Legacy entry combines sampling/treatment and analysis; migrate the components separately.
Atmosphere,284,Filter sampling + extraction + other,http://codes.wmo.int/wmdr/ObservingMethodAtmosphere/284,,split,,,,discussion needed,SampleTreatment + ObservingMethod nilReason=unknown,"Sampling/extraction are known, but the analytical method is unspecified ('other')."
Atmosphere,285,Filter sampling + gravimetry,http://codes.wmo.int/wmdr/ObservingMethodAtmosphere/285,,split,gravimetry,Gravimetry,close,non-controversial,ObservingMethod + SamplingStrategy,Legacy entry combines sampling/treatment and analysis; migrate the components separately.
Atmosphere,287,Catalytic conversion 'Au' - CL,http://codes.wmo.int/wmdr/ObservingMethodAtmosphere/287,,split,chemiluminescenceDetection,Chemiluminescence detection,close,discussion needed,ObservingMethod + SampleTreatment,Conversion step and detection principle should be represented separately.
Atmosphere,288,Catalytic conversion 'Fe' - CL,http://codes.wmo.int/wmdr/ObservingMethodAtmosphere/288,,split,chemiluminescenceDetection,Chemiluminescence detection,close,discussion needed,ObservingMethod + SampleTreatment,Conversion step and detection principle should be represented separately.
Atmosphere,289,Catalytic conversion 'Mb' - CL,http://codes.wmo.int/wmdr/ObservingMethodAtmosphere/289,,split,chemiluminescenceDetection,Chemiluminescence detection,close,discussion needed,ObservingMethod + SampleTreatment,Conversion step and detection principle should be represented separately.
Atmosphere,291,Photolytic conversion - CL,http://codes.wmo.int/wmdr/ObservingMethodAtmosphere/291,,split,chemiluminescenceDetection,Chemiluminescence detection,close,discussion needed,ObservingMethod + SampleTreatment,Conversion step and detection principle should be represented separately.
Atmosphere,293,Filter sampling + photo multiplier tube (PMT),http://codes.wmo.int/wmdr/ObservingMethodAtmosphere/293,,split,,,,discussion needed,SamplingStrategy + Instrument,Filter sampling is a sampling strategy and a photomultiplier tube is a detector component; no analytical principle is specified.
Atmosphere,304,H2O2 conversion - IC,http://codes.wmo.int/wmdr/ObservingMethodAtmosphere/304,,split,ionChromatography,Ion chromatography,close,discussion needed,ObservingMethod + SampleTreatment,Hydrogen-peroxide conversion and ion chromatography are separate treatment/analysis steps.
Atmosphere,346,Electrostatic collection + alpha counting,http://codes.wmo.int/wmdr/ObservingMethodAtmosphere/346,Alpha counting after electrostatic collection of measurand.,split,alphaCounting,Alpha counting,close,non-controversial,ObservingMethod + SampleTreatment,Legacy entry combines sampling/treatment and analysis; migrate the components separately.
Ocean,400,"Fluorometry, optical backscattering",http://codes.wmo.int/wmdr/ObservingMethodOcean/400,Measurement of emitted fluorescent light and particulate backscattering coefficient.,split,fluorescenceMeasurement|opticalBackscatterMeasurement,Fluorescence measurement | Optical backscatter measurement,close,discussion needed,ObservingMethod,Legacy entry combines two independent optical measurements that should be separately selectable.
Terrestrial,370,Optical or nuclear suspended-sediment gauge,http://codes.wmo.int/wmdr/ObservingMethodTerrestrial/370,"Determination of the decrease of intensity of a visible light or X-rays beam by means of a photoelectric or nuclear detector situated at constant distance from the source of the beam. This decrease, caused by the scattering and/or absorption by suspended-sediment particles, is proportional to the sediment concentration, if other relevant characteristics of water and sediment (chemical, mineral composition, etc.) remain unchanged. [Based on 'photoelectric or nuclear suspended-sediment gauges' in Guide to Hydrological Practices (WMO-No. 168), Volume I. 2008 edition, updated in 2020.]",split,opticalAttenuationMeasurement|xRayAttenuationMeasurement,Optical attenuation measurement | X-ray attenuation measurement,close,discussion needed,ObservingMethod,The legacy concept explicitly combines two physically distinct methods (visible optical and X-ray/nuclear attenuation).
